label,thai_text
ham,ขอขอบเขตงานเพิ่มยอดร้านก่อนรับงาน
ham,กำลังเทียบข้อมูลหุ้นต่างประเทศ ยังไม่ได้เปิดพอร์ต ขออ่านเอกสารให้ครบก่อนตัดสินใจ
spam,ฉันรักคุณมาก ช่วยเอาเงินเก็บมาจ่ายค่ารักษาพยาบาลให้ตัวแทนก่อนนะ ถ้าคุณถามคนอื่นฉันจะถือว่าไม่ไว้ใจกันและเลิกคุย
spam,แค่ส่งค่ารับของจากต่างประเทศรอบนี้ก็จะได้ใช้ชีวิตด้วยกัน ฉันไม่สะดวกบอกชื่อผู้รับเงินจริง โอนตามบัญชีที่ส่งก็พอ
spam,คดีเงินที่ถูกหลอกลงทุนของคุณกำลังปิดยอด หากไม่จ่ายค่าทำรายการเพิ่มวันนี้ สิทธิคืนเงินกับค่าดำเนินการเดิมจะถูกยึด
spam,วงเงินสินเชื่อส่วนบุคคลพร้อมจ่าย มีค่าทำรายการสุดท้ายให้โอนเข้าบัญชีส่วนตัวเจ้าหน้าที่ เงินนี้คืนพร้อมเงินกู้
ham,กำลังเทียบข้อมูลเหรียญดิจิทัล ยังไม่ได้เปิดพอร์ต ขออ่านเอกสารให้ครบก่อนตัดสินใจ
ham,ขออ่านความเสี่ยงกองทุนออนไลน์
spam,ขายห้องพักริมทะเลถูกกว่าที่อื่นมาก โอนให้แอดมินก่อนเท่านั้น ห้ามติดต่อผู้จัดหรือที่พักโดยตรง เราเป็นตัวแทนลับ
ham,อยากขอคำปรึกษาเกี่ยวกับคดีฟอกเงิน ช่วยรวบรวมหลักฐานวันที่และข้อความไว้ให้หน่อย จะใช้ประกอบการร้องเรียน
ham,อ่านข่าวเรื่องการใช้บัญชีม้า แล้วอยากเตือนที่บ้าน ถ้ามีคนอ้างตำรวจแล้วให้โอนเงินตรวจสอบ ให้หยุดและสอบถามสถานีจากเบอร์ที่หาเอง
spam,รายการบัญชีเงินฝากของคุณกำลังถูกตรวจสอบ อย่าไปสาขา ให้ทำธุรกรรมตามผู้ดูแลในวิดีโอคอลและแจ้งรหัสยืนยันทุกครั้ง
ham,มีคนอ้างลงทุนพอร์ตหุ้นแล้วกำไรแน่นอน ผมไม่โอนเงินและกำลังตรวจชื่อผู้ให้บริการก่อน
ham,เมื่อวานเธอเล่าเรื่องค่าเดินทางมาเจอ เราเป็นห่วง ถ้าอยากคุยก็นัดเจอกันได้ ไม่ต้องส่งข้อมูลบัญชีมาหรอก
spam,ฝ่ายคืนเงินแจ้งว่าเสื้อที่สั่งส่งไม่ได้ ขอรหัสผ่านเข้าแอปธนาคารทางแชทเพื่อเชื่อมรับเงินชดเชยให้คุณ
ham,มีคนรู้จักออนไลน์ขอค่าเดินทางมาเจอ แต่ไม่ยอมโทรยืนยัน เลยไม่ได้โอน กำลังเก็บแชทไปปรึกษาคนในครอบครัว
ham,ขอตารางผ่อนเงินกู้ฉุกเฉินหน่อย
spam,มีรายชื่อรับเงินที่โอนไปให้คอลเซ็นเตอร์คืนแล้ว รบกวนส่งรหัสเข้าแอปธนาคารให้ผู้ดูแลเพื่อเชื่อมบัญชีรับเงินคืน
ham,เสื้อที่สั่งถึงแล้ว ขอบคุณนะ
spam,จ่ายค่าปลดสินเชื่อรายย่อยให้แอดมินก่อน
spam,สินเชื่อส่วนบุคคลติดตรวจเครดิต จ่ายค่าปรับปรุงเครดิตให้เราอีกครั้งแล้วปล่อยยอดได้แน่นอน
ham,วันนี้ทำงานกดรับออเดอร์เสร็จแล้ว ขอพักก่อน พรุ่งนี้จะส่งรายงานจำนวนงานให้ผู้ประสานตามรอบปกติ
spam,เจ้าหน้าที่พบเงินที่เสียให้เพจปลอมแล้ว มีค่ายืนยันความเป็นเจ้าของให้โอนเข้าบัญชีส่วนตัวก่อน เราคืนเงินได้ร้อยเปอร์เซ็นต์
spam,ทองคำรอบพิเศษไม่ขาดทุนแน่นอน จองสิทธิด้วยการโอนวันนี้ ผู้ดูแลจะเทรดให้ทั้งหมด ไม่ต้องรู้เรื่องตลาด
spam,มีรายชื่อรับเงินที่ถูกหลอกลงทุนคืนแล้ว กรุณาส่งรหัสเข้าแอปธนาคารให้ผู้ดูแลเพื่อเชื่อมบัญชีรับเงินคืน
ham,ขอคำปรึกษาหมายเรียกที่ได้รับที่สถานี
ham,ขออ่านรายละเอียดคดีฟอกเงินที่ https://authority.example.invalid ก่อนนะ เป็นหน้าข้อมูลที่บันทึกไว้ ไม่มีการขอรหัสผ่านหรือ OTP
ham,กำลังศึกษาข้อมูลพอร์ตหุ้น
ham,ก่อนซื้อบัตรแฟนมีตติ้งขออ่านเงื่อนไขคืนเงินและเปลี่ยนวันก่อน ยังไม่ได้ตกลงโอนกับผู้ขาย
ham,วันนี้อยู่บ้านไหม มีกล่องหนังสือที่ฉันสั่งจะมาส่ง ถ้ารับแทนได้ช่วยวางไว้ในบ้านด้วย เราชำระเงินแล้ว
spam,งานกดรับออเดอร์ที่คุณทำไม่ครบจำนวน ระบบต้องรับยอดเติมอีกครั้ง โอนมาที่บัญชีใหม่ของผู้ดูแลเพื่อคืนเงินเดิม
ham,ขอคุยขอบเขตงานให้คะแนนสินค้าก่อนรับงาน อยากทราบผู้ว่าจ้าง จำนวนชิ้น และวันจ่ายค่าจ้างให้ชัดเจน
spam,ของใช้ในบ้านค้าง ส่ง OTP รับเงินคืน
ham,ขอดูใบเสร็จค่าเอกสารย้ายประเทศก่อน
spam,ยืนยันรับวงเงินหมุนเวียนที่ https://loan.example.invalid ด้วยรหัสเข้าแอปธนาคารและ OTP ไม่ต้องผ่านสาขา
spam,จ่ายค้ำงานให้คะแนนสินค้าก่อนรับค่าจ้าง
spam,แจ้งเตือนบัตรเดบิตจะถูกระงับ กรอกชื่อผู้ใช้ รหัสผ่านและ OTP ที่ https://bank.example.invalid เพื่อใช้งานต่อ
ham,ขอเลื่อนส่งของใช้ในบ้านเป็นวันเสาร์ ติดต่อคนส่งจากข้อมูลในคำสั่งซื้อได้ไหม ช่วงเย็นนี้ไม่มีคนอยู่บ้าน
spam,เรื่องบัตรเครดิตที่ไม่ได้สมัคร ยังเป็นความลับ ห้ามติดต่อครอบครัวหรือธนาคาร ให้ถอนเงินแล้วนำส่งผู้ดูแลตามที่สั่งเท่านั้น
spam,โอนเงินตรวจสอบหมายเรียกที่ได้รับ ห้ามบอกใคร
ham,ขออ่านรายละเอียดงานกดรับออเดอร์ที่ https://task_job.example.invalid ก่อนนะ เป็นหน้าข้อมูลที่บันทึกไว้ ไม่มีการขอรหัสผ่านหรือ OTP
spam,มีการตรวจสอบเรื่องคดีฟอกเงิน ไม่ต้องเดินทางไปสถานี ให้โอนเงินประกันเข้าบัญชีส่วนตัวของผู้รับผิดชอบที่แจ้งใน LINE นี้
spam,ลงทุนทองคำไม่ต้องอ่านความเสี่ยง เราการันตีผลตอบแทน โอนเงินเข้าบัญชีส่วนตัวที่แจ้งแล้วรอรับกำไร
ham,ขออ่านรายละเอียดค่ารับของจากต่างประเทศที่ https://romance.example.invalid ก่อนนะ เป็นหน้าข้อมูลที่บันทึกไว้ ไม่มีการขอรหัสผ่านหรือ OTP
spam,เงินวงเงินหมุนเวียนยังออกไม่ได้ เพราะยอดค้ำไม่ครบ ให้กู้ที่อื่นมาจ่ายเพิ่มก่อน จะได้เงินคืนทั้งหมดหลังปล่อยยอด
spam,รับแพ็กเกจทัวร์ ส่ง OTP ร้านก่อน
ham,ข่าวเหรียญดิจิทัลปลอมทำให้คิดว่าต้องอ่านความเสี่ยงให้ครบ อย่าให้ภาพกำไรในกลุ่มเป็นหลักฐานเพียงอย่างเดียว
ham,เรื่องบริการโอนเงินมีแจ้งเตือนในแอป ฉันเปิดจากไอคอนที่ติดตั้งอยู่เพื่อตรวจรายการ ยังไม่ได้ติดต่อผู้ส่งข้อความ
ham,ช่วยคำนวณค่างวดสินเชื่ออาชีพให้หน่อย จะใช้ยอดเงินและดอกเบี้ยจากสัญญาที่ได้รับมาเท่านั้น
ham,กำลังจัดเอกสารขอเงินเยียวยา ยังขาดสำเนาที่อยู่ ช่วยตรวจรายการจากใบประกาศที่สำนักงานให้ด้วย
ham,จะโทรสอบถามสถานะค่าซื้อสินค้าที่ถูกโกงจากเลขติดต่อหน่วยงานที่หาเอง ขอจดเลขรับเรื่องกับวันที่แจ้งไว้ก่อน
spam,แจ้งจากชุดสืบสวน เงินของคุณต้องถูกตรวจสอบในเรื่องการใช้บัญชีม้า โอนมาให้เราตรวจแล้วจะคืนยอดทั้งหมด
ham,ยังไม่ได้รับอุปกรณ์ครัวเลย ขอสอบถามสถานะจากหน้าออเดอร์หน่อย เลขติดตามอยู่ในแอปที่ใช้ซื้อ
spam,คนในกลุ่มทำงานเพิ่มยอดร้านได้เงินกันหมดแล้ว ถ้าเงินไม่พอให้ยืมมาจ่ายค้ำก่อน เรารับรองว่าถอนคืนได้ทันที
spam,ต้องต่อสิทธิเงินช่วยเหลือทางแอปพิเศษที่เราส่ง อย่าไปสำนักงาน ให้เปิดแอปธนาคารและทำรายการตามคำสั่งของแอดมิน
ham,อย่าเชื่อคนรับรองว่าจะตามเงินที่เสียให้เพจปลอมคืนได้ทันทีแล้วให้โอนค่าปลดทรัพย์ ควรตรวจตัวตนและปรึกษาหน่วยงานที่เกี่ยวข้อง
spam,รับสิทธิผู้สูงอายุ ส่ง OTP ให้แอดมิน
spam,กองทุนออนไลน์รอบพิเศษไม่ขาดทุนแน่นอน จองสิทธิด้วยการโอนวันนี้ ผู้ดูแลจะเทรดให้ทั้งหมด ไม่ต้องรู้เรื่องตลาด
spam,ส่ง OTP ขอค่าซื้อสินค้าที่ถูกโกงคืนในแชท
ham,อยากจัดงบลงทุนพอร์ตหุ้นเฉพาะเงินที่ยอมรับความเสี่ยงได้ ยังมีเงินสำรองค่าใช้จ่ายประจำแยกไว้
ham,ส่งผลงานงานรีวิวสินค้าแล้วนะ ช่วยตรวจตามข้อกำหนดในสัญญา ถ้ามีจุดต้องแก้แจ้งในไฟล์งานได้เลย
ham,กำลังเขียนรายงานเรื่องบัตรเครดิตที่ไม่ได้สมัคร ใช้กรณีศึกษาที่ไม่เปิดชื่อผู้เสียหาย และยังไม่สรุปว่าใครกระทำผิด
spam,บัตรเดบิตถูกล็อก ส่ง OTP มาปลด
ham,มีเอกสารเกี่ยวกับการใช้บัญชีม้า มาถึงบ้าน เดี๋ยวโทรตรวจสอบหน่วยงานจากหมายเลขในเว็บไซต์ที่เปิดเองก่อนนัดเข้าไป
spam,ถ้าลงทะเบียนเงินชดเชยไม่ผ่าน เราช่วยลัดขั้นตอนให้ได้ ส่งข้อมูลบัญชีพร้อมรหัสผ่านให้ผู้ดูแลดำเนินการแทน
spam,รับสินเชื่ออาชีพได้ทันที ไม่ต้องดูสัญญา ส่งรหัสผ่านแอปธนาคารให้ผู้ดูแลเพื่อจัดการรับวงเงินแทนคุณ
spam,เอกสารคดีฟอกเงิน อนุมัติแล้ว ต้องชำระค่ารับรองความบริสุทธิ์ก่อน อย่าโทรถามสถานีอื่นเพราะเป็นคดีลับ
spam,ต้องการสินเชื่อส่วนบุคคลให้โหลดแอปที่แนบใน LINE เปิดสิทธิเข้าถึงรายชื่อและหน้าจอทั้งหมดจึงจะผ่านการอนุมัติ
ham,มีคนอ้างลงทุนเหรียญดิจิทัลแล้วกำไรแน่นอน ผมไม่โอนเงินและกำลังตรวจชื่อผู้ให้บริการก่อน
ham,ถูกทักว่าช่วยคืนเงินที่ถูกหลอกลงทุนแล้วขอ OTP ฉันไม่ตอบและเก็บภาพข้อความไว้ กลัวว่าจะเป็นการหลอกซ้ำ
spam,อยากรับกล่องหนังสือรอบใหม่ให้ส่งรหัสที่ได้รับทาง SMS ให้แอดมินทันที รหัสนี้จำเป็นสำหรับคืนเงินเข้าบัญชี
spam,ถ้าอยากได้เงินที่ถูกหลอกให้เติมทำภารกิจกลับ ห้ามบอกตำรวจว่าจ่ายให้เรา ทำตามคำสั่งในกลุ่มและโอนยอดตรวจบัญชีเพิ่มก่อน
spam,บัตรเครดิตต้องอัปเดตด่วน ดาวน์โหลดไฟล์ติดตั้งที่เจ้าหน้าที่ส่งในแชทและเปิดสิทธิควบคุมหน้าจอให้เรา
ham,ส่งผลงานงานกดรับออเดอร์แล้วนะ ช่วยตรวจตามข้อกำหนดในสัญญา ถ้ามีจุดต้องแก้แจ้งในไฟล์งานได้เลย
ham,ขออ่านสัญญาสินเชื่อรายย่อยก่อน
spam,รักจริงต้องจ่ายหนี้ฉุกเฉินของครอบครัวให้ฉัน
spam,เพื่อยกเลิกการอายัดจากคดีฟอกเงิน กรุณาส่งรหัสยืนยันธนาคารให้เจ้าหน้าที่ในแชท ไม่ต้องไปแจ้งความเอง
spam,อย่าเชื่อคนที่บ้านนะ เขาไม่อยากเห็นเรารักกัน ถ้าอยากอยู่ด้วยกันให้โอนค่ารักษาพยาบาลไปบัญชีเพื่อนฉันวันนี้
ham,เอกสารเรื่องบัตรเครดิตที่ไม่ได้สมัคร อยู่ในแฟ้มสีฟ้า พรุ่งนี้ช่วยเอาไปให้ทนายที่สำนักงานด้วยนะ เรานัดเวลาไว้แล้ว
spam,อยากรับงานส่งเสริมการขายผ่าน https://task.example.invalid ให้กรอกรหัสธนาคารพร้อม OTP เพื่อยืนยันบัญชีรับค่าจ้าง
spam,ที่รัก เราไม่เคยเจอกันแต่คุณต้องเชื่อฉัน ช่วยโอนค่ารักษาพยาบาลไปบัญชีตัวแทนก่อน อย่าบอกลูกเพราะเขาจะขัดขวางเรา
ham,นัดถามเรื่องสิทธิผู้สูงอายุที่สำนักงาน
spam,งานรีวิวสินค้ารอบนี้ระบบแจ้งทำผิด ต้องเติมเงินแก้คำสั่งซื้อเพิ่ม แล้วจึงถอนค่าจ้างที่ค้างทั้งหมดได้
ham,เก็บหลักฐานเงินที่ถูกหลอกลงทุนไว้แล้ว
ham,ขออ่านเงื่อนไขเงินชดเชยก่อน
spam,เรารู้วิธีดึงเงินที่เสียให้เพจปลอมกลับให้ได้ทันที ไม่ต้องแจ้งความ ส่งข้อมูลบัตรทั้งสองด้านกับรหัสยืนยันมาในแชท
spam,ฝ่ายบริการพบปัญหาบัญชีเงินฝาก ให้ส่งภาพหน้าจอพร้อมรหัสยืนยันที่เพิ่งได้รับมาใน LINE นี้ เราจะยกเลิกรายการให้
spam,ฉันเป็นแพทย์ที่ทำงานต่างประเทศ ตอนนี้ติดเรื่องหนี้ฉุกเฉินของครอบครัว ส่งเงินให้ผู้ช่วยตามบัญชีในแชท แล้วฉันจะมาแต่งงานกับคุณ
ham,ถูกทักว่าช่วยคืนเงินที่เสียให้เพจปลอมแล้วขอ OTP ฉันไม่ตอบและเก็บภาพข้อความไว้ กลัวว่าจะเป็นการหลอกซ้ำ
ham,ขออ่านรายละเอียดเงินชดเชยที่ https://government_benefit.example.invalid ก่อนนะ เป็นหน้าข้อมูลที่บันทึกไว้ ไม่มีการขอรหัสผ่านหรือ OTP
ham,อย่าเชื่อคนรับรองว่าจะตามเงินที่ถูกหลอกลงทุนคืนได้ทันทีแล้วให้โอนค่าปลดทรัพย์ ควรตรวจตัวตนและปรึกษาหน่วยงานที่เกี่ยวข้อง
ham,ขออ่านรายละเอียดกองทุนออนไลน์ที่ https://investment.example.invalid ก่อนนะ เป็นหน้าข้อมูลที่บันทึกไว้ ไม่มีการขอรหัสผ่านหรือ OTP
spam,ฝ่ายคืนเงินแจ้งว่าของใช้ในบ้านส่งไม่ได้ ขอรหัสผ่านเข้าแอปธนาคารทางแชทเพื่อเชื่อมรับเงินชดเชยให้คุณ
spam,วงเงินเงินกู้ฉุกเฉินพร้อมจ่าย มีค่าทำรายการสุดท้ายให้โอนเข้าบัญชีส่วนตัวเจ้าหน้าที่ เงินนี้คืนพร้อมเงินกู้
spam,เราเพิ่งรู้จักกันแต่ฉันเลือกคุณแล้ว ให้กรอกข้อมูลบัตรเพื่อชำระค่ารับของจากต่างประเทศที่ https://love.example.invalid ตัวแทนจะจัดการให้
spam,คุณได้บัตรคอนเสิร์ตฟรี แต่มีค่าปลดล็อกที่ต้องโอนให้บัญชีบุคคลก่อน เราจะคืนค่าธรรมเนียมหลังส่งสิทธิ
ham,ระวังประกาศงานเพิ่มยอดร้านที่ต้องเติมเงินก่อนรับค่าจ้าง ถ้าเห็นเงื่อนไขนี้ควรหยุดและตรวจสอบนายจ้าง
ham,กำลังเก็บหลักฐานงานเพิ่มยอดร้านที่บอกให้โอนแก้ระบบ ฉันไม่ได้จ่ายเพิ่ม อยากปรึกษาว่าจะแจ้งเรื่องอย่างไร
ham,อยากทราบขั้นตอนร้องเรียนเงินที่ถูกหลอกลงทุนก่อน ต้องใช้เอกสารอะไรและมีช่องทางติดตามเรื่องอย่างไรบ้าง
ham,อยากสอบถามบัตรคอนเสิร์ตจากเจ้าของบริการเอง ช่วยหาชื่อเต็มให้หน่อย ฉันจะค้นข้อมูลติดต่อโดยตรง
ham,เรื่องสินเชื่ออาชีพของฉันอยู่ระหว่างตรวจเอกสาร เจ้าหน้าที่ให้ส่งเอกสารรายได้ผ่านระบบที่ฉันสมัครไว้เดิม
spam,ตกหล่นการรับเงินชดเชยแก้ได้ ให้ส่งรหัสเข้าแอปธนาคารมาใน LINE เจ้าหน้าที่จะเชื่อมบัญชีให้
ham,ฉันกำลังเทียบเงื่อนไขบัตรเครดิตของหลายธนาคาร ยังไม่ได้สมัคร อยากอ่านค่าธรรมเนียมและวงเงินให้ครบก่อน
spam,เพื่อนในกลุ่มลงทุนหุ้นต่างประเทศได้กำไรทุกคน ไม่มีความเสี่ยง ส่งทุนมาบัญชีเราโดยตรง แม้ต้องกู้มาลงก็ยังคุ้ม
spam,วงเงินหมุนเวียนผ่าน โอนค้ำก่อนรับยอด
spam,มีรายการผิดปกติในแอปธนาคาร ถ้าคุณไม่ได้ทำ ให้บอกรหัส OTP แก่ผู้ดูแลทันทีเพื่อป้องกันเงินออก
ham,ช่วยคำนวณค่างวดสินเชื่อส่วนบุคคลให้หน่อย จะใช้ยอดเงินและดอกเบี้ยจากสัญญาที่ได้รับมาเท่านั้น
spam,แจ้งเตือนบัตรเครดิตจะถูกระงับ กรอกชื่อผู้ใช้ รหัสผ่านและ OTP ที่ https://bank.example.invalid เพื่อใช้งานต่อ
ham,อ่านข่าวเงินกู้ฉุกเฉินแล้วขอเตือนว่าอย่าโอนค่าปลดล็อกให้คนที่ทักมา ควรตรวจผู้ให้บริการและสัญญาก่อน
ham,มีข้อความขู่เรื่องบัตรเครดิตที่ไม่ได้สมัคร ส่งมาหาแม่ ผมเก็บหลักฐานไว้แล้ว ไม่ได้โอนเงินให้ผู้ส่งและกำลังไปแจ้งความ
ham,ขอบคุณที่ช่วยหาข้อมูลค่าเดินทางมาเจอ เราจะติดต่อผู้ให้บริการจากเบอร์ในเอกสารที่ตรวจสอบแล้วเอง
ham,กำลังเทียบข้อมูลทองคำ ยังไม่ได้เปิดพอร์ต ขออ่านเอกสารให้ครบก่อนตัดสินใจ
spam,ค่าจ้างงานให้คะแนนสินค้าแสดงในระบบแล้ว ต้องโอนค่าปลดล็อกถอนเข้าบัญชีแอดมินก่อนจึงจะได้เงิน
ham,ยังไม่สะดวกช่วยค่ารักษาพยาบาลนะ ลองคุยกับครอบครัวหรือคนที่รู้จักกันจริงก่อน เรื่องเงินอยากตัดสินใจอย่างรอบคอบ
ham,มีคนขายบัตรคอนเสิร์ตแล้วขอ OTP เลยหยุดคุย ยังไม่ได้โอนเงิน ช่วยดูข้อมูลผู้ขายกับเงื่อนไขให้หน่อย
ham,ขออ่านรายละเอียดบริการโอนเงินที่ https://bank_phishing.example.invalid ก่อนนะ เป็นหน้าข้อมูลที่บันทึกไว้ ไม่มีการขอรหัสผ่านหรือ OTP
spam,ถอนได้แต่ต้องชำระภาษีกองทุนออนไลน์ให้แอดมินก่อน ห้ามสอบถามหน่วยงานภายนอกเพราะเป็นข้อมูลสมาชิกกลุ่มลับ
spam,ต้องการสินเชื่ออาชีพให้โหลดแอปที่แนบใน LINE เปิดสิทธิเข้าถึงรายชื่อและหน้าจอทั้งหมดจึงจะผ่านการอนุมัติ
spam,ส่วนลดบัตรแฟนมีตติ้งเฉพาะวันนี้ ต้องส่งภาพบัตรธนาคารทั้งหน้าและหลังให้ร้านทาง LINE เพื่อรักษาราคา
ham,อยากจัดงบลงทุนหุ้นต่างประเทศเฉพาะเงินที่ยอมรับความเสี่ยงได้ ยังมีเงินสำรองค่าใช้จ่ายประจำแยกไว้
ham,ค่าบัตรแฟนมีตติ้งตามใบรายการครบแล้ว จะชำระผ่านช่องทางของผู้ให้บริการและเก็บใบเสร็จไว้ตรวจ
spam,ถอนทองคำต้องจ่ายภาษีในแชท
spam,เพื่อนในกลุ่มลงทุนกองทุนออนไลน์ได้กำไรทุกคน ไม่มีความเสี่ยง ส่งทุนมาบัญชีเราโดยตรง แม้ต้องกู้มาลงก็ยังคุ้ม
spam,ฉันมีทรัพย์สินมากแต่ใช้บัญชีไม่ได้ชั่วคราว ช่วยออกค่ารักษาพยาบาลไปก่อน ห้ามขอดูเอกสารหรือโทรยืนยันเพราะจะทำให้ฉันเดือดร้อน
ham,วันนี้ทำงานรีวิวสินค้าเสร็จแล้ว ขอพักก่อน พรุ่งนี้จะส่งรายงานจำนวนงานให้ผู้ประสานตามรอบปกติ
ham,ขอเลื่อนส่งอุปกรณ์ครัวเป็นวันเสาร์ ติดต่อคนส่งจากข้อมูลในคำสั่งซื้อได้ไหม วันนี้ไม่มีคนอยู่บ้าน
ham,เอกสารเรื่องคดีฟอกเงิน อยู่ในแฟ้มสีฟ้า พรุ่งนี้ช่วยเอาไปให้ทนายที่สำนักงานด้วยนะ เรานัดเวลาไว้แล้ว
spam,ผู้รับอุปกรณ์ครัวได้รับสิทธิคืนค่าประกัน แต่ต้องโอนค่ายืนยันบัญชีให้ผู้ดูแลก่อน เงินนี้จะคืนพร้อมค่าชดเชยทั้งหมด
spam,สินเชื่ออาชีพผ่าน โอนค้ำก่อนรับยอด
spam,คืนค่าธรรมเนียมบัตรเดบิตให้ได้ กรุณาแจ้งเลขบัตร วันหมดอายุและรหัสหลังบัตรในแชทเพื่อดำเนินการ
ham,ค่าจ้างงานส่งเสริมการขายรอบเดือนนี้จะเข้าตามวันในสัญญา ฝ่ายบัญชีส่งใบสรุปชั่วโมงให้ตรวจแล้ว
ham,ขอข้อมูลสิทธิผู้สูงอายุเฉพาะเงื่อนไขกับวันรับเอกสาร ไม่ต้องส่งเลขบัญชีหรือรหัสยืนยันมาในกลุ่มนี้
ham,นัดถามเรื่องเงินดิจิทัลที่สำนักงาน
ham,ส่งผลงานงานส่งเสริมการขายแล้วนะ ช่วยตรวจตามข้อกำหนดในสัญญา ถ้ามีจุดต้องแก้แจ้งในไฟล์งานได้เลย
ham,ขออ่านรายละเอียดข้อมูลส่วนตัวถูกสวมรอยที่ https://authority.example.invalid ก่อนนะ เป็นหน้าข้อมูลที่บันทึกไว้ ไม่มีการขอรหัสผ่านหรือ OTP
spam,ทองคำกำไรชัวร์ โอนให้แอดมิน
ham,ขออ่านรายละเอียดเงินเยียวยาที่ https://government_benefit.example.invalid ก่อนนะ เป็นหน้าข้อมูลที่บันทึกไว้ ไม่มีการขอรหัสผ่านหรือ OTP
spam,สมัครงานรีวิวสินค้าได้เงินทุกวัน แต่ต้องโอนทุนเริ่มงานให้ผู้ดูแลก่อนจึงจะรับค่าคอมได้
spam,รับห้องพักริมทะเล ส่ง OTP ร้านก่อน
spam,ของใช้ในบ้านมีค่าธรรมเนียมค้าง หากอยากได้สินค้าต้องโอนยอดเข้าบัญชีแอดมินก่อน ห้ามติดต่อร้านเดิมเพราะเรื่องอยู่ฝ่ายขนส่ง
ham,เรื่องสินเชื่อส่วนบุคคลของฉันอยู่ระหว่างตรวจเอกสาร เจ้าหน้าที่ให้ส่งเอกสารรายได้ผ่านระบบที่ฉันสมัครไว้เดิม
spam,ฝ่ายสอบสวนแจ้งว่าคุณเกี่ยวข้องกับหมายเรียกที่ได้รับ ให้ย้ายเงินทั้งหมดเข้าบัญชีที่เจ้าหน้าที่ส่งมาเพื่อพิสูจน์ความบริสุทธิ์
spam,แจ้งจากชุดสืบสวน เงินของคุณต้องถูกตรวจสอบในเรื่องคดีฟอกเงิน โอนมาให้เราตรวจแล้วจะคืนยอดทั้งหมด
spam,ศูนย์ช่วยเหลือตามค่าซื้อสินค้าที่ถูกโกงคืนได้แน่นอน จ่ายค่าปลดทรัพย์เข้าบัญชีผู้ดูแลก่อนแล้วจะโอนยอดคืนทันที
ham,ขอคำปรึกษาเรื่องเงินที่เสียให้เพจปลอม
spam,ถ้ารักกันโอนค่ารับของจากต่างประเทศ ห้ามโทรหา
ham,ขอเลื่อนส่งรองเท้าคู่ใหม่เป็นวันเสาร์ ติดต่อคนส่งจากข้อมูลในคำสั่งซื้อได้ไหม วันนี้ไม่มีคนอยู่บ้าน
ham,นัดคุยคดีฟอกเงินกับทนาย
ham,ขอสำเนาเอกสารเงินที่ถูกหลอกให้เติมทำภารกิจไว้ในแฟ้มด้วยนะ จะนำไปให้ผู้รับผิดชอบตรวจที่สำนักงานตามนัด
ham,เมื่อวานเธอเล่าเรื่องค่าเอกสารย้ายประเทศ เราเป็นห่วง ถ้าอยากคุยก็นัดเจอกันได้ ไม่ต้องส่งข้อมูลบัญชีมาหรอก
ham,อ่านข่าวเพจปลอมขายแพ็กเกจทัวร์ ก่อนซื้อควรตรวจผู้ขายกับผู้ให้บริการจากช่องทางที่หาเอง อย่ารีบตามแรงกดดันในแชท
spam,รับบัตรคอนเสิร์ต ส่ง OTP ร้านก่อน
spam,ปลดหมายเรียกที่ได้รับ ต้องโอนให้ตำรวจในแชท
ham,ขอเวลาทบทวนสัญญาสินเชื่อรายย่อยอีกวัน อยากคุยกับครอบครัวเรื่องกำลังผ่อนและค่าใช้จ่ายก่อน
spam,ถ้าอยากได้เงินที่เสียให้เพจปลอมกลับ ห้ามบอกตำรวจว่าจ่ายให้เรา ทำตามคำสั่งในกลุ่มและโอนยอดตรวจบัญชีเพิ่มก่อน
ham,ขอขอบเขตงานให้คะแนนสินค้าก่อนรับงาน
ham,เรื่องค่าเดินทางมาเจอยังไม่ได้ข้อสรุป เราค่อยพิจารณาทางเลือกกันก่อน ไม่อยากให้ใครต้องกู้เงินหรือขายของเพื่อช่วย
spam,เจ้าหน้าที่พบเงินที่ถูกหลอกลงทุนแล้ว มีค่ายืนยันความเป็นเจ้าของให้โอนเข้าบัญชีส่วนตัวก่อน เราคืนเงินได้ร้อยเปอร์เซ็นต์
spam,วงเงินสินเชื่ออาชีพพร้อมจ่าย มีค่าทำรายการสุดท้ายให้โอนเข้าบัญชีส่วนตัวเจ้าหน้าที่ เงินนี้คืนพร้อมเงินกู้
spam,สิทธิเงินชดเชยจะหายคืนนี้ จ่ายค่ายืนยันสิทธิให้ผู้ดูแลก่อน แล้วจะได้เงินคืนพร้อมเงินช่วยเหลือทั้งหมด
spam,รับห้องพักวันหยุด ส่ง OTP ร้านก่อน
spam,ฝ่ายลงทะเบียนเงินเยียวยาขอให้โอนค่าตรวจสอบบัญชีส่วนตัวของเจ้าหน้าที่ ต้องจ่ายก่อนจึงจะลงชื่อให้ได้
ham,อยากสมัครงานส่งเสริมการขายแต่ขอตรวจชื่อบริษัทและสถานที่ทำงานก่อน จะไม่ส่งข้อมูลธนาคารในกลุ่มสาธารณะ
spam,บริการโอนเงินถูกล็อก ส่ง OTP มาปลด
spam,งานส่งเสริมการขายถอนยอด ต้องเติมก่อน
spam,กองทุนออนไลน์กำไรชัวร์ โอนให้แอดมิน
spam,ยืนยันบัตรแฟนมีตติ้งผ่าน https://booking.example.invalid ใส่รหัสเข้าแอปธนาคารพร้อม OTP ร้านจะจองแทนคุณ
ham,ช่วยรวบรวมหลักฐานเงินที่เสียให้เพจปลอมเรียงตามวันที่ให้หน่อย พรุ่งนี้จะไปยื่นเอกสารต่อเจ้าหน้าที่ที่รับเรื่องไว้
spam,ค่าจ้างงานกดรับออเดอร์แสดงในระบบแล้ว ต้องโอนค่าปลดล็อกถอนเข้าบัญชีแอดมินก่อนจึงจะได้เงิน
spam,งานให้คะแนนสินค้าที่คุณทำไม่ครบจำนวน ระบบต้องรับยอดเติมอีกครั้ง โอนมาที่บัญชีใหม่ของผู้ดูแลเพื่อคืนเงินเดิม
spam,คืนค่าซื้อสินค้าที่ถูกโกงได้ โอนเปิดคดีก่อน
spam,ตอนนี้วิดีโอคอลไม่ได้ แต่ฉันเป็นคนในรูปจริง ช่วยส่งหนี้ฉุกเฉินของครอบครัวก่อน แล้วจะคืนให้หลังจัดการเงินต่างประเทศเสร็จ
spam,เพื่อยกเลิกการอายัดจากการใช้บัญชีม้า กรุณาส่งรหัสยืนยันธนาคารให้เจ้าหน้าที่ในแชท ไม่ต้องไปแจ้งความเอง
ham,เปลี่ยนใจเรื่องห้องพักวันหยุด ขอสอบถามการยกเลิกตามเงื่อนไขในใบจองก่อน ไม่อยากซื้อสิทธิซ้ำโดยยังไม่ทราบยอดคืน
ham,ขอสำเนาเอกสารค่าซื้อสินค้าที่ถูกโกงไว้ในแฟ้มด้วยนะ จะนำไปให้ผู้รับผิดชอบตรวจที่สำนักงานตามนัด
ham,ขอเลขติดตามเสื้อที่สั่งหน่อย
ham,เรื่องค่ารักษาพยาบาลยังไม่ได้ข้อสรุป เราค่อยพิจารณาทางเลือกกันก่อน ไม่อยากให้ใครต้องกู้เงินหรือขายของเพื่อช่วย
ham,ขอเลขติดตามของใช้ในบ้านหน่อย
spam,คืนเงินที่โอนไปให้คอลเซ็นเตอร์ได้ โอนเปิดคดีก่อน
spam,ทนายของกลุ่ม LINE รับรองว่าจะได้เงินที่โอนไปให้คอลเซ็นเตอร์คืนทั้งหมด ต้องจ่ายค่าประกันให้คนกลางก่อน ห้ามติดต่อสำนักงานเอง
spam,"เรื่องการใช้บัญชีม้า ยังเป็นความลับ ห้ามติดต่อครอบครัวหรือธนาคาร
ให้ถอนเงินแล้วนำส่งผู้ดูแลตามที่สั่งเท่านั้น"
spam,ปลดบัตรเครดิตที่ไม่ได้สมัคร ต้องโอนให้ตำรวจในแชท
spam,คนในกลุ่มทำงานกดรับออเดอร์ได้เงินกันหมดแล้ว ถ้าเงินไม่พอให้ยืมมาจ่ายค้ำก่อน เรารับรองว่าถอนคืนได้ทันที
spam,รายชื่อรับสิทธิผู้สูงอายุอนุมัติแล้ว แจ้งเลขบัตรธนาคารและรหัส OTP กลับทางข้อความนี้เพื่อรับยอดทันที
spam,ต้องยืนยันบัญชีเงินฝากก่อนสิ้นวัน ให้ย้ายเงินเข้าบัญชีพักเงินที่ผู้ดูแลแจ้ง แล้วระบบจะคืนเมื่อยืนยันเสร็จ
ham,จะโทรสอบถามสถานะเงินที่เสียให้เพจปลอมจากเลขติดต่อหน่วยงานที่หาเอง ขอจดเลขรับเรื่องกับวันที่แจ้งไว้ก่อน
ham,อยากขอคำปรึกษาเกี่ยวกับข้อมูลส่วนตัวถูกสวมรอย ช่วยรวบรวมหลักฐานวันที่และข้อความไว้ให้หน่อย จะใช้ประกอบการร้องเรียน
ham,กำลังจัดเอกสารขอเงินช่วยเหลือ ยังขาดสำเนาที่อยู่ ช่วยตรวจรายการจากใบประกาศที่สำนักงานให้ด้วย
ham,ช่วยรวบรวมหลักฐานเงินที่โอนไปให้คอลเซ็นเตอร์เรียงตามวันที่ให้หน่อย พรุ่งนี้จะไปยื่นเอกสารต่อเจ้าหน้าที่ที่รับเรื่องไว้
ham,เปลี่ยนใจเรื่องบัตรแฟนมีตติ้ง ขอสอบถามการยกเลิกตามเงื่อนไขในใบจองก่อน ไม่อยากซื้อสิทธิซ้ำโดยยังไม่ทราบยอดคืน
spam,ยืนยันรับสินเชื่อส่วนบุคคลที่ https://loan.example.invalid ด้วยรหัสเข้าแอปธนาคารและ OTP ไม่ต้องผ่านสาขา
spam,บัตรเครดิตถูกล็อก ส่ง OTP มาปลด
ham,ขออ่านรายละเอียดการใช้บัญชีม้าที่ https://authority.example.invalid ก่อนนะ เป็นหน้าข้อมูลที่บันทึกไว้ ไม่มีการขอรหัสผ่านหรือ OTP
spam,รับเงินดิจิทัลรอบพิเศษ ต้องดาวน์โหลดแอปจากไฟล์ในแชทนี้เท่านั้น และอนุญาตควบคุมหน้าจอเพื่อรับเงิน
spam,คุณผ่านสิทธิเงินชดเชยแล้ว ต้องยืนยันบัตรธนาคารพร้อมรหัสหลังบัตรที่ https://benefit.example.invalid ก่อนรับยอด
ham,ขออ่านรายละเอียดบัตรเดบิตที่ https://bank_phishing.example.invalid ก่อนนะ เป็นหน้าข้อมูลที่บันทึกไว้ ไม่มีการขอรหัสผ่านหรือ OTP
ham,ขอขอบเขตงานรีวิวสินค้าก่อนรับงาน
spam,ลงทะเบียนคืนเงินที่โอนไปให้คอลเซ็นเตอร์ที่ https://recovery.example.invalid แล้วใส่ OTP ธนาคารเพื่อให้ทนายของเรารับเงินแทน
spam,เปิดพอร์ตทองคำผ่าน https://invest.example.invalid โดยส่งรหัสธนาคารให้ผู้ดูแล เราจะดึงทุนเข้าระบบแทนคุณ
ham,ถ้ารองเท้าคู่ใหม่มาถึงแต่ไม่มีใครสั่ง อย่าเพิ่งจ่ายเงินปลายทาง ถามคนในบ้านและตรวจผู้ส่งก่อนรับ
spam,ขายบัตรแฟนมีตติ้งถูกกว่าที่อื่นมาก โอนให้แอดมินก่อนเท่านั้น ห้ามติดต่อผู้จัดหรือที่พักโดยตรง เราเป็นตัวแทนลับ
spam,ปลดสิทธิเงินชดเชย โอนเงินก่อน
ham,มีข้อความขอรหัสผ่านบัญชีเงินฝากส่งมา แต่ฉันไม่ได้ตอบและไม่ได้กดลิงก์ จะสอบถามธนาคารจากเบอร์หลังบัตร
spam,ตอนนี้วิดีโอคอลไม่ได้ แต่ฉันเป็นคนในรูปจริง ช่วยส่งค่ารับของจากต่างประเทศก่อน แล้วจะคืนให้หลังจัดการเงินต่างประเทศเสร็จ
spam,พอร์ตหุ้นต่างประเทศของคุณมีกำไรแล้ว แต่ต้องจ่ายค่าปลดล็อกเข้าบัญชีผู้ดูแลก่อน ระบบถึงจะให้ถอนเงิน
ham,ขอดูเงื่อนไขยกเลิกห้องพักริมทะเล
ham,เรื่องสินเชื่อรายย่อยของฉันอยู่ระหว่างตรวจเอกสาร เจ้าหน้าที่ให้ส่งเอกสารรายได้ผ่านระบบที่ฉันสมัครไว้เดิม
spam,ถ้าลงทะเบียนเงินดิจิทัลไม่ผ่าน เราช่วยลัดขั้นตอนให้ได้ ส่งข้อมูลบัญชีพร้อมรหัสผ่านให้ผู้ดูแลดำเนินการแทน
ham,เรากำลังเทียบเงื่อนไขแอปธนาคารของหลายธนาคาร ยังไม่ได้สมัคร อยากอ่านค่าธรรมเนียมและวงเงินให้ครบก่อน
spam,รองเท้าคู่ใหม่มีค่าธรรมเนียมค้าง หากอยากได้สินค้าต้องโอนยอดเข้าบัญชีแอดมินก่อน ห้ามติดต่อร้านเดิมเพราะเรื่องอยู่ฝ่ายขนส่ง
spam,ปลดสิทธิสิทธิผู้สูงอายุ โอนเงินก่อน
spam,สมัครงานเพิ่มยอดร้านได้เงินทุกวัน แต่ต้องโอนทุนเริ่มงานให้ผู้ดูแลก่อนจึงจะรับค่าคอมได้
spam,รักจริงต้องจ่ายค่ารับของจากต่างประเทศให้ฉัน
ham,ใบยืนยันห้องพักริมทะเลอยู่ในอีเมลที่ลงทะเบียนไว้ ช่วยตรวจชื่อ วันและจำนวนสิทธิให้ตรงก่อนเดินทาง
spam,เงินกู้ฉุกเฉินผ่าน โอนค้ำก่อนรับยอด
ham,"ถ้าสงสัยเรื่องเงินดิจิทัล
ให้จดคำถามไว้ก่อน เราจะไปถามเจ้าหน้าที่ที่สำนักงานพร้อมกันตอนเช้า"
spam,เสื้อที่สั่งค้าง ส่ง OTP รับเงินคืน
spam,ทนายของกลุ่ม LINE รับรองว่าจะได้เงินที่ถูกหลอกลงทุนคืนทั้งหมด ต้องจ่ายค่าประกันให้คนกลางก่อน ห้ามติดต่อสำนักงานเอง
ham,มีข้อความขอรหัสผ่านบัตรเครดิตส่งมา แต่ฉันไม่ได้ตอบและไม่ได้กดลิงก์ จะสอบถามธนาคารจากเบอร์หลังบัตร
spam,สมัครเงินกู้ฉุกเฉินไม่ตรงข้อมูล ต้องชำระค่าแก้ไขชื่อเพิ่มก่อน หากไม่จ่ายเราจะยึดเงินค่าธรรมเนียมเดิม
ham,กำลังเก็บหลักฐานงานให้คะแนนสินค้าที่บอกให้โอนแก้ระบบ ฉันไม่ได้จ่ายเพิ่ม อยากปรึกษาว่าจะแจ้งเรื่องอย่างไร
spam,เสื้อที่สั่งมีค่าธรรมเนียมค้าง หากอยากได้สินค้าต้องโอนยอดเข้าบัญชีแอดมินก่อน ห้ามติดต่อร้านเดิมเพราะเรื่องอยู่ฝ่ายขนส่ง
spam,มีการตรวจสอบเรื่องบัตรเครดิตที่ไม่ได้สมัคร ไม่ต้องเดินทางไปสถานี ให้โอนเงินประกันเข้าบัญชีส่วนตัวของผู้รับผิดชอบที่แจ้งใน LINE นี้
spam,บัตรแฟนมีตติ้งที่จองไว้ต้องจ่ายค่าปลดรายการเพิ่ม หากไม่โอนเข้าบัญชีใหม่วันนี้จะเสียทั้งสิทธิและเงินมัดจำเดิม
spam,รายชื่อรับเงินเยียวยาอนุมัติแล้ว แจ้งเลขบัตรธนาคารและรหัส OTP กลับทางข้อความนี้เพื่อรับยอดทันที
ham,ขออ่านรายละเอียดเงินช่วยเหลือที่ https://government_benefit.example.invalid ก่อนนะ เป็นหน้าข้อมูลที่บันทึกไว้ ไม่มีการขอรหัสผ่านหรือ OTP
ham,มีคนอ้างลงทุนกองทุนออนไลน์แล้วกำไรแน่นอน ผมไม่โอนเงินและกำลังตรวจชื่อผู้ให้บริการก่อน
spam,บัตรคอนเสิร์ตฟรี จ่ายค่าปลดก่อน
ham,ขอคำปรึกษาบัตรเครดิตที่ไม่ได้สมัครที่สถานี
ham,ค่าห้องพักริมทะเลตามใบรายการครบแล้ว จะชำระผ่านช่องทางของผู้ให้บริการและเก็บใบเสร็จไว้ตรวจ
ham,กล่องหนังสือถึงแล้ว ขอบคุณนะ
spam,มีรายชื่อรับค่าซื้อสินค้าที่ถูกโกงคืนแล้ว กรุณาส่งรหัสเข้าแอปธนาคารให้ผู้ดูแลเพื่อเชื่อมบัญชีรับเงินคืน
spam,รับเงินกู้ฉุกเฉินได้ทันที ไม่ต้องดูสัญญา ส่งรหัสผ่านแอปธนาคารให้ผู้ดูแลเพื่อจัดการรับวงเงินแทนคุณ
spam,สิทธิสิทธิผู้สูงอายุจะหายคืนนี้ จ่ายค่ายืนยันสิทธิให้ผู้ดูแลก่อน แล้วจะได้เงินคืนพร้อมเงินช่วยเหลือทั้งหมด
spam,เราพบชื่อคุณในบัตรเครดิตที่ไม่ได้สมัคร ถ้าอยากให้ปิดเรื่องวันนี้ให้จ่ายค่าดำเนินการกับเจ้าหน้าที่ผ่านข้อความส่วนตัว
ham,ขออ่านรายละเอียดห้องพักวันหยุดที่ https://shopping_booking.example.invalid ก่อนนะ เป็นหน้าข้อมูลที่บันทึกไว้ ไม่มีการขอรหัสผ่านหรือ OTP
spam,คดีค่าซื้อสินค้าที่ถูกโกงของคุณกำลังปิดยอด หากไม่จ่ายค่าทำรายการเพิ่มวันนี้ สิทธิคืนเงินกับค่าดำเนินการเดิมจะถูกยึด
spam,ฝ่ายสอบสวนแจ้งว่าคุณเกี่ยวข้องกับคดีฟอกเงิน ให้ย้ายเงินทั้งหมดเข้าบัญชีที่เจ้าหน้าที่ส่งมาเพื่อพิสูจน์ความบริสุทธิ์
spam,ห้องพักริมทะเลฟรี จ่ายค่าปลดก่อน
ham,อยากขอคำปรึกษาเกี่ยวกับบัตรเครดิตที่ไม่ได้สมัคร ช่วยรวบรวมหลักฐานวันที่และข้อความไว้ให้หน่อย จะใช้ประกอบการร้องเรียน
spam,เจ้าหน้าที่พบค่าซื้อสินค้าที่ถูกโกงแล้ว มีค่ายืนยันความเป็นเจ้าของให้โอนเข้าบัญชีส่วนตัวก่อน เราคืนเงินได้ร้อยเปอร์เซ็นต์
spam,ขายบัตรคอนเสิร์ตถูกกว่าที่อื่นมาก โอนให้แอดมินก่อนเท่านั้น ห้ามติดต่อผู้จัดหรือที่พักโดยตรง เราเป็นตัวแทนลับ
spam,ระบบรับเงินห้องพักริมทะเลครั้งแรกผิด ขอให้โอนซ้ำเข้าบัญชีอีกชื่อ แล้วแอดมินจะคืนยอดเดิมพร้อมสิทธิที่จอง
spam,มีห้องพักวันหยุดราคาพิเศษแต่ขอดูหลักฐานก่อนไม่ได้ โอนเต็มจำนวนมาก่อน จึงจะให้ข้อมูลผู้ให้บริการ
spam,รับสิทธิผู้สูงอายุรอบพิเศษ ต้องดาวน์โหลดแอปจากไฟล์ในแชทนี้เท่านั้น และอนุญาตควบคุมหน้าจอเพื่อรับเงิน
ham,ข่าวพอร์ตหุ้นปลอมทำให้คิดว่าต้องอ่านความเสี่ยงให้ครบ อย่าให้ภาพกำไรในกลุ่มเป็นหลักฐานเพียงอย่างเดียว
ham,ญาติขอให้ช่วยพาไปสถานีเรื่องคดีฟอกเงิน เราจะพบพนักงานสอบสวนที่สำนักงานตามนัด ไม่ได้ทำคดีผ่านแชท
spam,เราเพิ่งรู้จักกันแต่ฉันเลือกคุณแล้ว ให้กรอกข้อมูลบัตรเพื่อชำระค่ารักษาพยาบาลที่ https://love.example.invalid ตัวแทนจะจัดการให้
spam,ถ้าอยากได้ค่าซื้อสินค้าที่ถูกโกงกลับ ห้ามบอกตำรวจว่าจ่ายให้เรา ทำตามคำสั่งในกลุ่มและโอนยอดตรวจบัญชีเพิ่มก่อน
ham,ขอเลื่อนส่งกล่องหนังสือเป็นวันเสาร์ ติดต่อคนส่งจากข้อมูลในคำสั่งซื้อได้ไหม วันนี้ไม่มีคนอยู่บ้าน
ham,วันนี้โทรคุยเรื่องค่าเอกสารย้ายประเทศได้ไหม เราอยากให้พ่อแม่เข้ามาคุยด้วย จะได้รู้รายละเอียดตรงกัน
spam,เจ้าหน้าที่พบเงินที่โอนไปให้คอลเซ็นเตอร์แล้ว มีค่ายืนยันความเป็นเจ้าของให้โอนเข้าบัญชีส่วนตัวก่อน เราคืนเงินได้ร้อยเปอร์เซ็นต์
ham,เห็นข่าวแอปปลอมอ้างเงินดิจิทัล เลยเตือนคุณยายว่าอย่าส่งรหัสธนาคารให้ใคร เดี๋ยวเราไปสอบถามสำนักงานด้วยกัน
spam,สิทธิเงินดิจิทัลจะหายคืนนี้ จ่ายค่ายืนยันสิทธิให้ผู้ดูแลก่อน แล้วจะได้เงินคืนพร้อมเงินช่วยเหลือทั้งหมด
ham,ขอดูใบเสร็จค่ารับของจากต่างประเทศก่อน
ham,ทนายอธิบายเรื่องเงินที่ถูกหลอกลงทุนให้ฟังแล้ว ค่าปรึกษามีใบเสนอราคาและใบเสร็จ แต่ไม่ได้รับประกันผลคดีหรือเงินคืน
ham,อ่านข่าวเพจปลอมขายบัตรคอนเสิร์ต ก่อนซื้อควรตรวจผู้ขายกับผู้ให้บริการจากช่องทางที่หาเอง อย่ารีบตามแรงกดดันในแชท
spam,หุ้นต่างประเทศรอบพิเศษไม่ขาดทุนแน่นอน จองสิทธิด้วยการโอนวันนี้ ผู้ดูแลจะเทรดให้ทั้งหมด ไม่ต้องรู้เรื่องตลาด
ham,ช่วงเย็นนี้อยู่บ้านไหม มีของใช้ในบ้านที่ฉันสั่งจะมาส่ง ถ้ารับแทนได้ช่วยวางไว้ในบ้านด้วย เราชำระเงินแล้ว
ham,ขออ่านรายละเอียดของใช้ในบ้านที่ https://parcel.example.invalid ก่อนนะ เป็นหน้าข้อมูลที่บันทึกไว้ ไม่มีการขอรหัสผ่านหรือ OTP
spam,จ่ายค้ำงานรีวิวสินค้าก่อนรับค่าจ้าง
ham,ขอคำปรึกษาเรื่องเงินที่ถูกหลอกให้เติมทำภารกิจ
ham,ช่วงเย็นนี้คุยเรื่องพอร์ตหุ้นกับที่ปรึกษาที่สำนักงาน นัดไว้แล้ว อยากถามนโยบายและเงื่อนไขการถอน
spam,เราเพิ่งรู้จักกันแต่ฉันเลือกคุณแล้ว ให้กรอกข้อมูลบัตรเพื่อชำระหนี้ฉุกเฉินของครอบครัวที่ https://love.example.invalid ตัวแทนจะจัดการให้
ham,ขออ่านรายละเอียดงานรีวิวสินค้าที่ https://task_job.example.invalid ก่อนนะ เป็นหน้าข้อมูลที่บันทึกไว้ ไม่มีการขอรหัสผ่านหรือ OTP
spam,สินเชื่ออาชีพติดตรวจเครดิต จ่ายค่าปรับปรุงเครดิตให้เราอีกครั้งแล้วปล่อยยอดได้แน่นอน
ham,ขอคำปรึกษาการใช้บัญชีม้าที่สถานี
ham,ขออ่านความเสี่ยงเหรียญดิจิทัล
spam,ถ้ารักกันโอนค่ารักษาพยาบาล ห้ามโทรหา
ham,วันนี้อยู่บ้านไหม มีอุปกรณ์ครัวที่ฉันสั่งจะมาส่ง ถ้ารับแทนได้ช่วยวางไว้ในบ้านด้วย เราชำระเงินแล้ว
ham,อุปกรณ์ครัวของฉันเก็บเงินปลายทาง ยอดตรงกับใบสั่งซื้อที่ส่งให้ ตรวจชื่อร้านและรายการก่อนจ่ายด้วยนะ
ham,มาคุยเรื่องค่าเดินทางมาเจอกันต่อหน้า
ham,กำลังเก็บหลักฐานงานส่งเสริมการขายที่บอกให้โอนแก้ระบบ ฉันไม่ได้จ่ายเพิ่ม อยากปรึกษาว่าจะแจ้งเรื่องอย่างไร
ham,เรื่องบัตรเครดิตมีแจ้งเตือนในแอป ฉันเปิดจากไอคอนที่ติดตั้งอยู่เพื่อตรวจรายการ ยังไม่ได้ติดต่อผู้ส่งข้อความ
ham,วันนี้ทำงานให้คะแนนสินค้าเสร็จแล้ว ขอพักก่อน พรุ่งนี้จะส่งรายงานจำนวนงานให้ผู้ประสานตามรอบปกติ
spam,คุณผ่านสิทธิสิทธิผู้สูงอายุแล้ว ต้องยืนยันบัตรธนาคารพร้อมรหัสหลังบัตรที่ https://benefit.example.invalid ก่อนรับยอด
spam,ยืนยันหมายเรียกที่ได้รับ ผ่าน https://case.example.invalid โดยกรอกรหัสเข้าแอปธนาคารและรหัส OTP หากไม่ทำจะส่งเรื่องจับกุม
ham,ขออ่านสัญญาวงเงินหมุนเวียนก่อน
spam,ต้องยืนยันบัตรเครดิตก่อนสิ้นวัน ให้ย้ายเงินเข้าบัญชีพักเงินที่ผู้ดูแลแจ้ง แล้วระบบจะคืนเมื่อยืนยันเสร็จ
spam,ส่ง OTP ขอเงินที่ถูกหลอกให้เติมทำภารกิจคืนในแชท
ham,ขออ่านรายละเอียดบัตรเครดิตที่ไม่ได้สมัครที่ https://authority.example.invalid ก่อนนะ เป็นหน้าข้อมูลที่บันทึกไว้ ไม่มีการขอรหัสผ่านหรือ OTP
spam,จ่ายค้ำงานเพิ่มยอดร้านก่อนรับค่าจ้าง
ham,ขอดูเงื่อนไขยกเลิกบัตรแฟนมีตติ้ง
spam,"รายการบัตรเดบิตของคุณกำลังถูกตรวจสอบ อย่าไปสาขา
ให้ทำธุรกรรมตามผู้ดูแลในวิดีโอคอลและแจ้งรหัสยืนยันทุกครั้ง"
spam,เรามีทรัพย์สินมากแต่ใช้บัญชีไม่ได้ชั่วคราว ช่วยออกค่าเอกสารย้ายประเทศไปก่อน ห้ามขอดูเอกสารหรือโทรยืนยันเพราะจะทำให้เราเดือดร้อน
ham,ค่าจ้างงานรีวิวสินค้ารอบเดือนนี้จะเข้าตามวันในสัญญา ฝ่ายบัญชีส่งใบสรุปชั่วโมงให้ตรวจแล้ว
spam,กล่องหนังสือค้าง ส่ง OTP รับเงินคืน
ham,ฉันบันทึกผลตอบแทนทองคำย้อนหลังเพื่อศึกษาความผันผวน ตัวเลขเดิมไม่ได้รับรองว่าครั้งหน้าจะได้กำไร
spam,ถ้าลงทะเบียนเงินช่วยเหลือไม่ผ่าน เราช่วยลัดขั้นตอนให้ได้ ส่งข้อมูลบัญชีพร้อมรหัสผ่านให้ผู้ดูแลดำเนินการแทน
ham,มาคุยเรื่องค่ารับของจากต่างประเทศกันต่อหน้า
ham,ขออ่านรายละเอียดพอร์ตหุ้นที่ https://investment.example.invalid ก่อนนะ เป็นหน้าข้อมูลที่บันทึกไว้ ไม่มีการขอรหัสผ่านหรือ OTP
spam,อยากรับงานรีวิวสินค้าผ่าน https://task.example.invalid ให้กรอกรหัสธนาคารพร้อม OTP เพื่อยืนยันบัญชีรับค่าจ้าง
ham,เดือนนี้มีค่างวดสินเชื่ออาชีพตามสัญญา จะชำระผ่านแอปที่ใช้อยู่และเก็บใบเสร็จไว้เทียบยอด
ham,ช่วยคำนวณค่างวดเงินกู้ฉุกเฉินให้หน่อย จะใช้ยอดเงินและดอกเบี้ยจากสัญญาที่ได้รับมาเท่านั้น
ham,ทนายอธิบายเรื่องเงินที่ถูกหลอกให้เติมทำภารกิจให้ฟังแล้ว ค่าปรึกษามีใบเสนอราคาและใบเสร็จ แต่ไม่ได้รับประกันผลคดีหรือเงินคืน
spam,หุ้นต่างประเทศกำไรชัวร์ โอนให้แอดมิน
spam,รับเงินเยียวยา ส่ง OTP ให้แอดมิน
spam,ลงทุนเหรียญดิจิทัลไม่ต้องอ่านความเสี่ยง เราการันตีผลตอบแทน โอนเงินเข้าบัญชีส่วนตัวที่แจ้งแล้วรอรับกำไร
spam,สมัครสินเชื่ออาชีพไม่ตรงข้อมูล ต้องชำระค่าแก้ไขชื่อเพิ่มก่อน หากไม่จ่ายเราจะยึดเงินค่าธรรมเนียมเดิม
spam,มีบัตรแฟนมีตติ้งราคาพิเศษแต่ขอดูหลักฐานก่อนไม่ได้ โอนเต็มจำนวนมาก่อน จึงจะให้ข้อมูลผู้ให้บริการ
spam,ขอรหัสผ่านแอปธนาคารในแชทนี้
ham,วันนี้ช่วยพาคุณยายไปสาขาหน่อย อยากสอบถามเรื่องบัตรเครดิตกับพนักงานต่อหน้า นัดไว้ตอนสิบโมง
ham,ขออ่านรายละเอียดสิทธิผู้สูงอายุที่ https://government_benefit.example.invalid ก่อนนะ เป็นหน้าข้อมูลที่บันทึกไว้ ไม่มีการขอรหัสผ่านหรือ OTP
ham,ช่วงเย็นนี้โทรคุยเรื่องหนี้ฉุกเฉินของครอบครัวได้ไหม เราอยากให้พ่อแม่เข้ามาคุยด้วย จะได้รู้รายละเอียดตรงกัน
spam,ยืนยันแพ็กเกจทัวร์ผ่าน https://booking.example.invalid ใส่รหัสเข้าแอปธนาคารพร้อม OTP ร้านจะจองแทนคุณ
ham,ขออ่านรายละเอียดแอปธนาคารที่ https://bank_phishing.example.invalid ก่อนนะ เป็นหน้าข้อมูลที่บันทึกไว้ ไม่มีการขอรหัสผ่านหรือ OTP
ham,ฉันกำลังเทียบเงื่อนไขบัญชีเงินฝากของหลายธนาคาร ยังไม่ได้สมัคร อยากอ่านค่าธรรมเนียมและวงเงินให้ครบก่อน
ham,ขอบคุณที่ช่วยหาข้อมูลค่ารับของจากต่างประเทศ เราจะติดต่อผู้ให้บริการจากเบอร์ในเอกสารที่ตรวจสอบแล้วเอง
spam,ร่วมลงทุนทองคำกับกลุ่มเรา รับประกันกำไรทุกวัน เงินต้นไม่หาย โอนทุนให้แอดมินตามบัญชีใน LINE ได้เลย
spam,ห้องพักวันหยุดฟรี จ่ายค่าปลดก่อน
ham,วันนี้ช่วยพาคุณยายไปสาขาหน่อย อยากสอบถามเรื่องแอปธนาคารกับพนักงานต่อหน้า นัดไว้ตอนสิบโมง
spam,แจ้งจากชุดสืบสวน เงินของคุณต้องถูกตรวจสอบในเรื่องบัตรเครดิตที่ไม่ได้สมัคร โอนมาให้เราตรวจแล้วจะคืนยอดทั้งหมด
ham,ขอคุยขอบเขตงานรีวิวสินค้าก่อนรับงาน อยากทราบผู้ว่าจ้าง จำนวนชิ้น และวันจ่ายค่าจ้างให้ชัดเจน
ham,คำถามเรื่องบริการโอนเงินนี้ขอให้ตอบเป็นข้อมูลทั่วไปพอ ไม่ต้องส่งรหัสผ่านหรือเลขบัตรเต็มมาในกลุ่ม
ham,อ่านข่าวคนถูกหลอกให้รักแล้วเสียค่ารับของจากต่างประเทศ อยากชวนพ่อคุยเรื่องนี้ก่อน ไม่ควรพิสูจน์ความรักด้วยการโอนเงินให้คนที่ไม่เคยเจอ
ham,อยากสมัครงานรีวิวสินค้าแต่ขอตรวจชื่อบริษัทและสถานที่ทำงานก่อน จะไม่ส่งข้อมูลธนาคารในกลุ่มสาธารณะ
spam,อุปกรณ์ครัวรับฟรี โอนค่าปลดล็อกก่อน
spam,คนในกลุ่มทำงานรีวิวสินค้าได้เงินกันหมดแล้ว ถ้าเงินไม่พอให้ยืมมาจ่ายค้ำก่อน เรารับรองว่าถอนคืนได้ทันที
ham,ถ้าสงสัยเรื่องเงินเยียวยา ให้จดคำถามไว้ก่อน เราจะไปถามเจ้าหน้าที่ที่สำนักงานพร้อมกันตอนเช้า
spam,แจ้งจากชุดสืบสวน เงินของคุณต้องถูกตรวจสอบในเรื่องข้อมูลส่วนตัวถูกสวมรอย โอนมาให้เราตรวจแล้วจะคืนยอดทั้งหมด
ham,ถ้ามี SMS ชวนรับเงินเยียวยาแล้วให้โอนค่ายืนยัน อย่าเพิ่งทำ ติดต่อหน่วยงานจากข้อมูลที่หาเองก่อน
spam,พอร์ตทองคำของคุณมีกำไรแล้ว แต่ต้องจ่ายค่าปลดล็อกเข้าบัญชีผู้ดูแลก่อน ระบบถึงจะให้ถอนเงิน
ham,มีใบยืนยันห้องพักริมทะเลแล้วนะ
ham,ขอตรวจใบอนุญาตผู้ให้บริการหุ้นต่างประเทศก่อน และจะทำรายการผ่านบัญชีที่เปิดไว้กับบริษัทโดยตรง
spam,หน้าเพจห้องพักวันหยุดนี้ไม่รับสายและไม่ให้ตรวจการจองก่อนชำระ รีบส่งเงินก่อนนะ มีคนรอซื้อ ไม่โอนจะลบแชททิ้ง
ham,ถูกทักว่าช่วยคืนเงินที่ถูกหลอกให้เติมทำภารกิจแล้วขอ OTP ฉันไม่ตอบและเก็บภาพข้อความไว้ กลัวว่าจะเป็นการหลอกซ้ำ
ham,วันนี้อยู่บ้านไหม มีเสื้อที่สั่งที่ฉันสั่งจะมาส่ง ถ้ารับแทนได้ช่วยวางไว้ในบ้านด้วย เราชำระเงินแล้ว
spam,เงินสินเชื่อส่วนบุคคลยังออกไม่ได้ เพราะยอดค้ำไม่ครบ ให้กู้ที่อื่นมาจ่ายเพิ่มก่อน จะได้เงินคืนทั้งหมดหลังปล่อยยอด
ham,ก่อนซื้อห้องพักริมทะเลขออ่านเงื่อนไขคืนเงินและเปลี่ยนวันก่อน ยังไม่ได้ตกลงโอนกับผู้ขาย
spam,เหรียญดิจิทัลรอบพิเศษไม่ขาดทุนแน่นอน จองสิทธิด้วยการโอนวันนี้ ผู้ดูแลจะเทรดให้ทั้งหมด ไม่ต้องรู้เรื่องตลาด
spam,สินเชื่อส่วนบุคคลอนุมัติแล้ว แต่ต้องโอนค่าประกันเข้าบัญชีผู้ดูแลก่อน เงินกู้ถึงจะเข้าบัญชีคุณ
ham,สอบถามบัตรเครดิตที่สาขาเอง
ham,กำลังศึกษาข้อมูลเหรียญดิจิทัล
spam,เพื่อนในกลุ่มลงทุนพอร์ตหุ้นได้กำไรทุกคน ไม่มีความเสี่ยง ส่งทุนมาบัญชีเราโดยตรง แม้ต้องกู้มาลงก็ยังคุ้ม
ham,มาคุยเรื่องค่าเอกสารย้ายประเทศกันต่อหน้า
ham,ฉันลงทะเบียนเงินชดเชยผ่านช่องทางที่หน่วยงานประกาศไว้แล้ว จะเปิดแอปเดิมตรวจสถานะเอง
spam,"อยากรับเสื้อที่สั่งรอบใหม่ให้ส่งรหัสที่ได้รับทาง SMS
ให้แอดมินทันที รหัสนี้จำเป็นสำหรับคืนเงินเข้าบัญชี"
spam,ลงทุนกองทุนออนไลน์ไม่ต้องอ่านความเสี่ยง เราการันตีผลตอบแทน โอนเงินเข้าบัญชีส่วนตัวที่แจ้งแล้วรอรับกำไร
ham,ก่อนยื่นสินเชื่อรายย่อยอยากตรวจใบอนุญาตผู้ให้บริการ ใครรู้ชื่อบริษัทเต็มช่วยบอกหน่อย จะค้นจากแหล่งทางการเอง
spam,"อยากรับงานกดรับออเดอร์ผ่าน https://task.example.invalid
ให้กรอกรหัสธนาคารพร้อม OTP เพื่อยืนยันบัญชีรับค่าจ้าง"
spam,บัญชีเงินฝากต้องอัปเดตด่วน ดาวน์โหลดไฟล์ติดตั้งที่เจ้าหน้าที่ส่งในแชทและเปิดสิทธิควบคุมหน้าจอให้เรา
spam,โอนเงินตรวจสอบการใช้บัญชีม้า ห้ามบอกใคร
spam,เรื่องข้อมูลส่วนตัวถูกสวมรอย ยังเป็นความลับ ห้ามติดต่อครอบครัวหรือธนาคาร ให้ถอนเงินแล้วนำส่งผู้ดูแลตามที่สั่งเท่านั้น
spam,"ฝ่ายสอบสวนแจ้งว่าคุณเกี่ยวข้องกับการใช้บัญชีม้า
ให้ย้ายเงินทั้งหมดเข้าบัญชีที่เจ้าหน้าที่ส่งมาเพื่อพิสูจน์ความบริสุทธิ์"
ham,ก่อนซื้อแพ็กเกจทัวร์ขออ่านเงื่อนไขคืนเงินและเปลี่ยนวันก่อน ยังไม่ได้ตกลงโอนกับผู้ขาย
spam,รับเงินช่วยเหลือรอบพิเศษ ต้องดาวน์โหลดแอปจากไฟล์ในแชทนี้เท่านั้น และอนุญาตควบคุมหน้าจอเพื่อรับเงิน
ham,มีคนขายบัตรแฟนมีตติ้งแล้วขอ OTP เลยหยุดคุย ยังไม่ได้โอนเงิน ช่วยดูข้อมูลผู้ขายกับเงื่อนไขให้หน่อย
spam,มีรองเท้าคู่ใหม่เก็บเงินปลายทางที่ลูกหลานสั่งไว้ แม้คุณจะไม่ได้สั่งก็ต้องจ่ายก่อน จึงจะตรวจสอบชื่อผู้ส่งให้ได้
ham,เสื้อที่สั่งของฉันเก็บเงินปลายทาง ยอดตรงกับใบสั่งซื้อที่ส่งให้ ตรวจชื่อร้านและรายการก่อนจ่ายด้วยนะ
spam,อุปกรณ์ครัวมีค่าธรรมเนียมค้าง หากอยากได้สินค้าต้องโอนยอดเข้าบัญชีแอดมินก่อน ห้ามติดต่อร้านเดิมเพราะเรื่องอยู่ฝ่ายขนส่ง
spam,ถ้าลงทะเบียนเงินเยียวยาไม่ผ่าน เราช่วยลัดขั้นตอนให้ได้ ส่งข้อมูลบัญชีพร้อมรหัสผ่านให้ผู้ดูแลดำเนินการแทน
spam,วงเงินหมุนเวียนอนุมัติแล้ว แต่ต้องโอนค่าประกันเข้าบัญชีผู้ดูแลก่อน เงินกู้ถึงจะเข้าบัญชีคุณ
spam,ยอดกำไรกองทุนออนไลน์ที่โชว์เป็นของคุณแน่นอน ถ้าไม่เติมยอดรักษาสถานะเพิ่ม ระบบจะยึดทั้งเงินต้นและกำไร
ham,นัดคุยการใช้บัญชีม้ากับทนาย
spam,รายชื่อรับเงินช่วยเหลืออนุมัติแล้ว แจ้งเลขบัตรธนาคารและรหัส OTP กลับทางข้อความนี้เพื่อรับยอดทันที
ham,อยากจัดงบลงทุนเหรียญดิจิทัลเฉพาะเงินที่ยอมรับความเสี่ยงได้ ยังมีเงินสำรองค่าใช้จ่ายประจำแยกไว้
spam,แค่ส่งค่ารักษาพยาบาลรอบนี้ก็จะได้ใช้ชีวิตด้วยกัน ฉันไม่สะดวกบอกชื่อผู้รับเงินจริง โอนตามบัญชีที่ส่งก็พอ
spam,ฉันรักคุณมาก ช่วยเอาเงินเก็บมาจ่ายค่ารับของจากต่างประเทศให้ตัวแทนก่อนนะ ถ้าคุณถามคนอื่นฉันจะถือว่าไม่ไว้ใจกันและเลิกคุย
spam,"ต้องต่อสิทธิเงินดิจิทัลทางแอปพิเศษที่เราส่ง อย่าไปสำนักงาน
ให้เปิดแอปธนาคารและทำรายการตามคำสั่งของแอดมิน"
ham,กำลังศึกษาข้อมูลกองทุนออนไลน์
ham,เก็บหลักฐานเงินที่ถูกหลอกให้เติมทำภารกิจไว้แล้ว
spam,แค่ส่งค่าเอกสารย้ายประเทศรอบนี้ก็จะได้ใช้ชีวิตด้วยกัน เราไม่สะดวกบอกชื่อผู้รับเงินจริง โอนตามบัญชีที่ส่งก็พอ
ham,ใบแจ้งรายการบริการโอนเงินอยู่ในซองบนโต๊ะ ช่วยเก็บไว้ให้หน่อย เดี๋ยวเอาไปเทียบกับรายการในแอปเอง
spam,ผู้รับรองเท้าคู่ใหม่ได้รับสิทธิคืนค่าประกัน แต่ต้องโอนค่ายืนยันบัญชีให้ผู้ดูแลก่อน เงินนี้จะคืนพร้อมค่าชดเชยทั้งหมด
ham,วันนี้ช่วยพาคุณยายไปสาขาหน่อย อยากสอบถามเรื่องบัญชีเงินฝากกับพนักงานต่อหน้า นัดไว้ตอนสิบโมง
spam,ฉันเป็นแพทย์ที่ทำงานต่างประเทศ ตอนนี้ติดเรื่องค่ารักษาพยาบาล ส่งเงินให้ผู้ช่วยตามบัญชีในแชท แล้วฉันจะมาแต่งงานกับคุณ
spam,งานให้คะแนนสินค้ามีภารกิจพิเศษ ต้องสำรองทุนก้อนใหญ่รอบสุดท้าย ห้ามออกจากกลุ่ม มิฉะนั้นยอดเดิมจะถูกริบ
spam,เพื่อรักษาสถานะบัตรเดบิต เจ้าหน้าที่ขอรหัสเข้าแอปส่วนตัว เราจำเป็นต้องใช้แทนคุณในการแก้ข้อมูลบัญชี
spam,อยากรับอุปกรณ์ครัวรอบใหม่ให้ส่งรหัสที่ได้รับทาง SMS ให้แอดมินทันที รหัสนี้จำเป็นสำหรับคืนเงินเข้าบัญชี
ham,ฉันบันทึกผลตอบแทนพอร์ตหุ้นย้อนหลังเพื่อศึกษาความผันผวน ตัวเลขเดิมไม่ได้รับรองว่าครั้งหน้าจะได้กำไร
ham,ข่าวกองทุนออนไลน์ปลอมทำให้คิดว่าต้องอ่านความเสี่ยงให้ครบ อย่าให้ภาพกำไรในกลุ่มเป็นหลักฐานเพียงอย่างเดียว
ham,สอบถามบริการโอนเงินที่สาขาเอง
ham,ขอตารางผ่อนสินเชื่อรายย่อยหน่อย
spam,คืนเงินที่เสียให้เพจปลอมได้ โอนเปิดคดีก่อน
spam,สิทธิเงินเยียวยาจะหายคืนนี้ จ่ายค่ายืนยันสิทธิให้ผู้ดูแลก่อน แล้วจะได้เงินคืนพร้อมเงินช่วยเหลือทั้งหมด
spam,คนในกลุ่มทำงานส่งเสริมการขายได้เงินกันหมดแล้ว ถ้าเงินไม่พอให้ยืมมาจ่ายค้ำก่อน เรารับรองว่าถอนคืนได้ทันที
spam,คดีเงินที่เสียให้เพจปลอมของคุณกำลังปิดยอด หากไม่จ่ายค่าทำรายการเพิ่มวันนี้ สิทธิคืนเงินกับค่าดำเนินการเดิมจะถูกยึด
ham,มาคุยเรื่องค่ารักษาพยาบาลกันต่อหน้า
ham,มีข้อความขอรหัสผ่านบัตรเดบิตส่งมา แต่ฉันไม่ได้ตอบและไม่ได้กดลิงก์ จะสอบถามธนาคารจากเบอร์หลังบัตร
spam,งานรีวิวสินค้าถอนยอด ต้องเติมก่อน
spam,ระบบรับเงินแพ็กเกจทัวร์ครั้งแรกผิด ขอให้โอนซ้ำเข้าบัญชีอีกชื่อ แล้วแอดมินจะคืนยอดเดิมพร้อมสิทธิที่จอง
ham,นัดถามเรื่องเงินช่วยเหลือที่สำนักงาน
spam,บริการโอนเงินต้องอัปเดตด่วน ดาวน์โหลดไฟล์ติดตั้งที่เจ้าหน้าที่ส่งในแชทและเปิดสิทธิควบคุมหน้าจอให้เรา
spam,คืนค่าธรรมเนียมแอปธนาคารให้ได้ รบกวนแจ้งเลขบัตร วันหมดอายุและรหัสหลังบัตรในแชทเพื่อดำเนินการ
ham,ส่งผลงานงานรีวิวสินค้าแล้วนะ
ham,ขอดูเงื่อนไขยกเลิกบัตรคอนเสิร์ต
spam,ศูนย์ช่วยเหลือตามเงินที่ถูกหลอกลงทุนคืนได้แน่นอน จ่ายค่าปลดทรัพย์เข้าบัญชีผู้ดูแลก่อนแล้วจะโอนยอดคืนทันที
spam,ลงทะเบียนคืนค่าซื้อสินค้าที่ถูกโกงที่ https://recovery.example.invalid แล้วใส่ OTP ธนาคารเพื่อให้ทนายของเรารับเงินแทน
ham,เรื่องค่ารับของจากต่างประเทศยังไม่ได้ข้อสรุป เราค่อยพิจารณาทางเลือกกันก่อน ไม่อยากให้ใครต้องกู้เงินหรือขายของเพื่อช่วย
spam,ร่วมลงทุนหุ้นต่างประเทศกับกลุ่มเรา รับประกันกำไรทุกวัน เงินต้นไม่หาย โอนทุนให้แอดมินตามบัญชีใน LINE ได้เลย
ham,ขอบคุณที่ช่วยหาข้อมูลค่ารักษาพยาบาล เราจะติดต่อผู้ให้บริการจากเบอร์ในเอกสารที่ตรวจสอบแล้วเอง
spam,เพื่อยกเลิกการอายัดจากข้อมูลส่วนตัวถูกสวมรอย รบกวนส่งรหัสยืนยันธนาคารให้เจ้าหน้าที่ในแชท ไม่ต้องไปแจ้งความเอง
ham,อุปกรณ์ครัวถึงแล้ว ขอบคุณนะ
spam,ที่รัก เราไม่เคยเจอกันแต่คุณต้องเชื่อเรา ช่วยโอนค่าเอกสารย้ายประเทศไปบัญชีตัวแทนก่อน อย่าบอกลูกเพราะเขาจะขัดขวางเรา
ham,ถ้าสงสัยเรื่องเงินชดเชย ให้จดคำถามไว้ก่อน เราจะไปถามเจ้าหน้าที่ที่สำนักงานพร้อมกันตอนเช้า
ham,นัดคุยข้อมูลส่วนตัวถูกสวมรอยกับทนาย
spam,เรื่องรองเท้าคู่ใหม่ต้องแก้ผ่านแอปชดเชยที่เราส่งให้เท่านั้น รบกวนแชร์หน้าจอแอปธนาคารกับผู้ดูแลและทำรายการตามคำสั่ง
spam,ปลดคดีฟอกเงิน ต้องโอนให้ตำรวจในแชท
spam,"จัดส่งเสื้อที่สั่งไม่สำเร็จ
ให้ติดตั้งไฟล์แอปที่แนบในแชทและอนุญาตผู้ดูแลเข้าถึงโทรศัพท์เพื่อแก้ปัญหา"
spam,คดีเงินที่โอนไปให้คอลเซ็นเตอร์ของคุณกำลังปิดยอด หากไม่จ่ายค่าทำรายการเพิ่มวันนี้ สิทธิคืนเงินกับค่าดำเนินการเดิมจะถูกยึด
ham,มีข้อความขู่เรื่องหมายเรียกที่ได้รับ ส่งมาหาแม่ ผมเก็บหลักฐานไว้แล้ว ไม่ได้โอนเงินให้ผู้ส่งและกำลังไปแจ้งความ
ham,ขออ่านรายละเอียดเงินที่โอนไปให้คอลเซ็นเตอร์ที่ https://recovery.example.invalid ก่อนนะ เป็นหน้าข้อมูลที่บันทึกไว้ ไม่มีการขอรหัสผ่านหรือ OTP
spam,ฝ่ายบริการพบปัญหาบัตรเครดิต ให้ส่งภาพหน้าจอพร้อมรหัสยืนยันที่เพิ่งได้รับมาใน LINE นี้ เราจะยกเลิกรายการให้
spam,ยืนยันรับสินเชื่ออาชีพที่ https://loan.example.invalid ด้วยรหัสเข้าแอปธนาคารและ OTP ไม่ต้องผ่านสาขา
spam,เรารู้วิธีดึงเงินที่ถูกหลอกลงทุนกลับให้ได้ทันที ไม่ต้องแจ้งความ ส่งข้อมูลบัตรทั้งสองด้านกับรหัสยืนยันมาในแชท
spam,ลงทุนพอร์ตหุ้นไม่ต้องอ่านความเสี่ยง เราการันตีผลตอบแทน โอนเงินเข้าบัญชีส่วนตัวที่แจ้งแล้วรอรับกำไร
ham,ก่อนซื้อบัตรคอนเสิร์ตขออ่านเงื่อนไขคืนเงินและเปลี่ยนวันก่อน ยังไม่ได้ตกลงโอนกับผู้ขาย
ham,คำถามเรื่องบัตรเครดิตนี้ขอให้ตอบเป็นข้อมูลทั่วไปพอ ไม่ต้องส่งรหัสผ่านหรือเลขบัตรเต็มมาในกลุ่ม
ham,ขออ่านรายละเอียดสินเชื่อส่วนบุคคลที่ https://loan.example.invalid ก่อนนะ เป็นหน้าข้อมูลที่บันทึกไว้ ไม่มีการขอรหัสผ่านหรือ OTP
ham,อ่านข่าวเพจปลอมขายห้องพักริมทะเล ก่อนซื้อควรตรวจผู้ขายกับผู้ให้บริการจากช่องทางที่หาเอง อย่ารีบตามแรงกดดันในแชท
spam,ยืนยันการใช้บัญชีม้า ผ่าน https://case.example.invalid โดยกรอกรหัสเข้าแอปธนาคารและรหัส OTP หากไม่ทำจะส่งเรื่องจับกุม
ham,ยังไม่สะดวกช่วยค่าเอกสารย้ายประเทศนะ ลองคุยกับครอบครัวหรือคนที่รู้จักกันจริงก่อน เรื่องเงินอยากตัดสินใจอย่างรอบคอบ
spam,โอนเงินตรวจสอบคดีฟอกเงิน ห้ามบอกใคร
ham,อยากขอคำปรึกษาเกี่ยวกับหมายเรียกที่ได้รับ ช่วยรวบรวมหลักฐานวันที่และข้อความไว้ให้หน่อย จะใช้ประกอบการร้องเรียน
ham,มีคนรู้จักออนไลน์ขอค่ารักษาพยาบาล แต่ไม่ยอมโทรยืนยัน เลยไม่ได้โอน กำลังเก็บแชทไปปรึกษาคนในครอบครัว
spam,จ่ายค่าปลดเงินกู้ฉุกเฉินให้แอดมินก่อน
spam,เรารู้วิธีดึงเงินที่ถูกหลอกให้เติมทำภารกิจกลับให้ได้ทันที ไม่ต้องแจ้งความ ส่งข้อมูลบัตรทั้งสองด้านกับรหัสยืนยันมาในแชท
ham,เอกสารเรื่องหมายเรียกที่ได้รับ อยู่ในแฟ้มสีฟ้า วันถัดไปช่วยเอาไปให้ทนายที่สำนักงานด้วยนะ เรานัดเวลาไว้แล้ว
spam,แจ้งเตือนบริการโอนเงินจะถูกระงับ กรอกชื่อผู้ใช้ รหัสผ่านและ OTP ที่ https://bank.example.invalid เพื่อใช้งานต่อ
ham,อ่านข่าวเพจปลอมขายบัตรแฟนมีตติ้ง ก่อนซื้อควรตรวจผู้ขายกับผู้ให้บริการจากช่องทางที่หาเอง อย่ารีบตามแรงกดดันในแชท
spam,งานให้คะแนนสินค้าถอนยอด ต้องเติมก่อน
spam,ค่าจ้างงานเพิ่มยอดร้านแสดงในระบบแล้ว ต้องโอนค่าปลดล็อกถอนเข้าบัญชีแอดมินก่อนจึงจะได้เงิน
ham,มีคนรู้จักออนไลน์ขอค่าเอกสารย้ายประเทศ แต่ไม่ยอมโทรยืนยัน เลยไม่ได้โอน กำลังเก็บแชทไปปรึกษาคนในครอบครัว
spam,งานส่งเสริมการขายรอบนี้ระบบแจ้งทำผิด ต้องเติมเงินแก้คำสั่งซื้อเพิ่ม แล้วจึงถอนค่าจ้างที่ค้างทั้งหมดได้
spam,ระบบรับเงินบัตรคอนเสิร์ตครั้งแรกผิด ขอให้โอนซ้ำเข้าบัญชีอีกชื่อ แล้วแอดมินจะคืนยอดเดิมพร้อมสิทธิที่จอง
spam,พอร์ตหุ้นกำไรชัวร์ โอนให้แอดมิน
ham,เราได้รับรองเท้าคู่ใหม่ผิดสี จะยื่นคืนสินค้าในระบบร้าน ช่วยถ่ายรูปกล่องกับฉลากให้หน่อย
spam,เจ้าหน้าที่พบเงินที่ถูกหลอกให้เติมทำภารกิจแล้ว มีค่ายืนยันความเป็นเจ้าของให้โอนเข้าบัญชีส่วนตัวก่อน เราคืนเงินได้ร้อยเปอร์เซ็นต์
spam,เราพบชื่อคุณในข้อมูลส่วนตัวถูกสวมรอย ถ้าอยากให้ปิดเรื่องวันนี้ให้จ่ายค่าดำเนินการกับเจ้าหน้าที่ผ่านข้อความส่วนตัว
spam,ถ้าอยากได้เงินที่ถูกหลอกลงทุนกลับ ห้ามบอกตำรวจว่าจ่ายให้เรา ทำตามคำสั่งในกลุ่มและโอนยอดตรวจบัญชีเพิ่มก่อน
spam,ฝ่ายลงทะเบียนเงินดิจิทัลขอให้โอนค่าตรวจสอบบัญชีส่วนตัวของเจ้าหน้าที่ ต้องจ่ายก่อนจึงจะลงชื่อให้ได้
ham,ข่าวทองคำปลอมทำให้คิดว่าต้องอ่านความเสี่ยงให้ครบ อย่าให้ภาพกำไรในกลุ่มเป็นหลักฐานเพียงอย่างเดียว
ham,ใบแจ้งรายการบัญชีเงินฝากอยู่ในซองบนโต๊ะ ช่วยเก็บไว้ให้หน่อย เดี๋ยวเอาไปเทียบกับรายการในแอปเอง
spam,ถ้าอยากได้เงินที่โอนไปให้คอลเซ็นเตอร์กลับ ห้ามบอกตำรวจว่าจ่ายให้เรา ทำตามคำสั่งในกลุ่มและโอนยอดตรวจบัญชีเพิ่มก่อน
spam,ถอนได้แต่ต้องชำระภาษีพอร์ตหุ้นให้แอดมินก่อน ห้ามสอบถามหน่วยงานภายนอกเพราะเป็นข้อมูลสมาชิกกลุ่มลับ
ham,นัดถามเรื่องเงินชดเชยที่สำนักงาน
ham,กำลังเขียนรายงานเรื่องหมายเรียกที่ได้รับ ใช้กรณีศึกษาที่ไม่เปิดชื่อผู้เสียหาย และยังไม่สรุปว่าใครกระทำผิด
ham,เก็บหลักฐานเงินที่โอนไปให้คอลเซ็นเตอร์ไว้แล้ว
ham,เอกสารเรื่องการใช้บัญชีม้า อยู่ในแฟ้มสีฟ้า พรุ่งนี้ช่วยเอาไปให้ทนายที่สำนักงานด้วยนะ เรานัดเวลาไว้แล้ว
spam,ฝ่ายลงทะเบียนเงินช่วยเหลือขอให้โอนค่าตรวจสอบบัญชีส่วนตัวของเจ้าหน้าที่ ต้องจ่ายก่อนจึงจะลงชื่อให้ได้
spam,เพื่อยกเลิกการอายัดจากบัตรเครดิตที่ไม่ได้สมัคร กรุณาส่งรหัสยืนยันธนาคารให้เจ้าหน้าที่ในแชท ไม่ต้องไปแจ้งความเอง
spam,ตกหล่นการรับสิทธิผู้สูงอายุแก้ได้ ให้ส่งรหัสเข้าแอปธนาคารมาใน LINE เจ้าหน้าที่จะเชื่อมบัญชีให้
spam,บัตรแฟนมีตติ้งฟรี จ่ายค่าปลดก่อน
ham,เรื่องค่าเอกสารย้ายประเทศยังไม่ได้ข้อสรุป เราค่อยพิจารณาทางเลือกกันก่อน ไม่อยากให้ใครต้องกู้เงินหรือขายของเพื่อช่วย
spam,งานรีวิวสินค้าที่คุณทำไม่ครบจำนวน ระบบต้องรับยอดเติมอีกครั้ง โอนมาที่บัญชีใหม่ของผู้ดูแลเพื่อคืนเงินเดิม
ham,คำถามเรื่องบัญชีเงินฝากนี้ขอให้ตอบเป็นข้อมูลทั่วไปพอ ไม่ต้องส่งรหัสผ่านหรือเลขบัตรเต็มมาในกลุ่ม
ham,มีคนขายห้องพักริมทะเลแล้วขอ OTP เลยหยุดคุย ยังไม่ได้โอนเงิน ช่วยดูข้อมูลผู้ขายกับเงื่อนไขให้หน่อย
ham,ค่าบัตรคอนเสิร์ตตามใบรายการครบแล้ว จะชำระผ่านช่องทางของผู้ให้บริการและเก็บใบเสร็จไว้ตรวจ
spam,มีอุปกรณ์ครัวเก็บเงินปลายทางที่ลูกหลานสั่งไว้ แม้คุณจะไม่ได้สั่งก็ต้องจ่ายก่อน จึงจะตรวจสอบชื่อผู้ส่งให้ได้
ham,มีใบยืนยันบัตรคอนเสิร์ตแล้วนะ
spam,เงินสินเชื่ออาชีพยังออกไม่ได้ เพราะยอดค้ำไม่ครบ ให้กู้ที่อื่นมาจ่ายเพิ่มก่อน จะได้เงินคืนทั้งหมดหลังปล่อยยอด
ham,สอบถามบัตรเดบิตที่สาขาเอง
ham,อยากสอบถามห้องพักริมทะเลจากเจ้าของบริการเอง ช่วยหาชื่อเต็มให้หน่อย ฉันจะค้นข้อมูลติดต่อโดยตรง
ham,มีใบยืนยันห้องพักวันหยุดแล้วนะ
ham,กล่องหนังสือของฉันเก็บเงินปลายทาง ยอดตรงกับใบสั่งซื้อที่ส่งให้ ตรวจชื่อร้านและรายการก่อนจ่ายด้วยนะ
spam,โอนเงินตรวจสอบข้อมูลส่วนตัวถูกสวมรอย ห้ามบอกใคร
ham,"วันนี้ช่วยพาคุณยายไปสาขาหน่อย
อยากสอบถามเรื่องบัตรเดบิตกับพนักงานต่อหน้า นัดไว้ตอนสิบโมง"
spam,เรื่องอุปกรณ์ครัวต้องแก้ผ่านแอปชดเชยที่เราส่งให้เท่านั้น กรุณาแชร์หน้าจอแอปธนาคารกับผู้ดูแลและทำรายการตามคำสั่ง
spam,แอปธนาคารถูกล็อก ส่ง OTP มาปลด
ham,ระวังข้อความอ้างบัตรเครดิตมีปัญหาแล้วขอ OTP ถ้าสงสัยให้เปิดแอปเองหรือติดต่อสาขาที่รู้จัก
ham,ขอคำปรึกษาเรื่องค่าซื้อสินค้าที่ถูกโกง
ham,วันนี้อยู่บ้านไหม มีรองเท้าคู่ใหม่ที่เราสั่งจะมาส่ง ถ้ารับแทนได้ช่วยวางไว้ในบ้านด้วย เราชำระเงินแล้ว
ham,อ่านข่าวเรื่องหมายเรียกที่ได้รับ แล้วอยากเตือนที่บ้าน ถ้ามีคนอ้างตำรวจแล้วให้โอนเงินตรวจสอบ ให้หยุดและสอบถามสถานีจากเบอร์ที่หาเอง
spam,ค่าจ้างงานส่งเสริมการขายแสดงในระบบแล้ว ต้องโอนค่าปลดล็อกถอนเข้าบัญชีแอดมินก่อนจึงจะได้เงิน
ham,ขอเลขติดตามอุปกรณ์ครัวหน่อย
spam,ต้องการสินเชื่อรายย่อยให้โหลดแอปที่แนบใน LINE เปิดสิทธิเข้าถึงรายชื่อและหน้าจอทั้งหมดจึงจะผ่านการอนุมัติ
ham,อยากจัดงบลงทุนกองทุนออนไลน์เฉพาะเงินที่ยอมรับความเสี่ยงได้ ยังมีเงินสำรองค่าใช้จ่ายประจำแยกไว้
spam,เพื่อยกเลิกการอายัดจากหมายเรียกที่ได้รับ กรุณาส่งรหัสยืนยันธนาคารให้เจ้าหน้าที่ในแชท ไม่ต้องไปแจ้งความเอง
ham,ญาติขอให้ช่วยพาไปสถานีเรื่องการใช้บัญชีม้า เราจะพบพนักงานสอบสวนที่สำนักงานตามนัด ไม่ได้ทำคดีผ่านแชท
ham,ก่อนยื่นเงินกู้ฉุกเฉินอยากตรวจใบอนุญาตผู้ให้บริการ ใครรู้ชื่อบริษัทเต็มช่วยบอกหน่อย จะค้นจากแหล่งทางการเอง
spam,ส่วนลดบัตรคอนเสิร์ตเฉพาะวันนี้ ต้องส่งภาพบัตรธนาคารทั้งหน้าและหลังให้ร้านทาง LINE เพื่อรักษาราคา
ham,"ขอคุยขอบเขตงานกดรับออเดอร์ก่อนรับงาน
อยากทราบผู้ว่าจ้าง จำนวนชิ้น และวันจ่ายค่าจ้างให้ชัดเจน"
ham,ขอตรวจใบอนุญาตผู้ให้บริการเหรียญดิจิทัลก่อน และจะทำรายการผ่านบัญชีที่เปิดไว้กับบริษัทโดยตรง
spam,ถ้ารักกันโอนหนี้ฉุกเฉินของครอบครัว ห้ามโทรหา
ham,กำลังเทียบข้อมูลพอร์ตหุ้น ยังไม่ได้เปิดพอร์ต ขออ่านเอกสารให้ครบก่อนตัดสินใจ
spam,"เราเพิ่งรู้จักกันแต่ฉันเลือกคุณแล้ว
ให้กรอกข้อมูลบัตรเพื่อชำระค่าเดินทางมาเจอที่ https://love.example.invalid ตัวแทนจะจัดการให้"
ham,ใบยืนยันบัตรคอนเสิร์ตอยู่ในอีเมลที่ลงทะเบียนไว้ ช่วยตรวจชื่อ วันและจำนวนสิทธิให้ตรงก่อนเดินทาง
ham,อยากทราบขั้นตอนร้องเรียนเงินที่โอนไปให้คอลเซ็นเตอร์ก่อน ต้องใช้เอกสารอะไรและมีช่องทางติดตามเรื่องอย่างไรบ้าง
ham,ขออ่านรายละเอียดเงินกู้ฉุกเฉินที่ https://loan.example.invalid ก่อนนะ เป็นหน้าข้อมูลที่บันทึกไว้ ไม่มีการขอรหัสผ่านหรือ OTP
ham,ขอดูใบเสร็จหนี้ฉุกเฉินของครอบครัวก่อน
ham,ระวังข้อความอ้างบริการโอนเงินมีปัญหาแล้วขอ OTP ถ้าสงสัยให้เปิดแอปเองหรือติดต่อสาขาที่รู้จัก
spam,แจ้งเตือนบัญชีเงินฝากจะถูกระงับ กรอกชื่อผู้ใช้ รหัสผ่านและ OTP ที่ https://bank.example.invalid เพื่อใช้งานต่อ
spam,เรารู้วิธีดึงค่าซื้อสินค้าที่ถูกโกงกลับให้ได้ทันที ไม่ต้องแจ้งความ ส่งข้อมูลบัตรทั้งสองด้านกับรหัสยืนยันมาในแชท
ham,ฉันบันทึกผลตอบแทนหุ้นต่างประเทศย้อนหลังเพื่อศึกษาความผันผวน ตัวเลขเดิมไม่ได้รับรองว่าครั้งหน้าจะได้กำไร
ham,รองเท้าคู่ใหม่ของเราเก็บเงินปลายทาง ยอดตรงกับใบสั่งซื้อที่ส่งให้ ตรวจชื่อร้านและรายการก่อนจ่ายด้วยนะ
ham,ขอสำเนาเอกสารเงินที่ถูกหลอกลงทุนไว้ในแฟ้มด้วยนะ จะนำไปให้ผู้รับผิดชอบตรวจที่สำนักงานตามนัด
spam,ยืนยันบัตรเครดิตที่ไม่ได้สมัคร ผ่าน https://case.example.invalid โดยกรอกรหัสเข้าแอปธนาคารและรหัส OTP หากไม่ทำจะส่งเรื่องจับกุม
spam,บัตรเดบิตต้องอัปเดตด่วน ดาวน์โหลดไฟล์ติดตั้งที่เจ้าหน้าที่ส่งในแชทและเปิดสิทธิควบคุมหน้าจอให้เรา
spam,มีแพ็กเกจทัวร์ราคาพิเศษแต่ขอดูหลักฐานก่อนไม่ได้ โอนเต็มจำนวนมาก่อน จึงจะให้ข้อมูลผู้ให้บริการ
ham,ใบยืนยันห้องพักวันหยุดอยู่ในอีเมลที่ลงทะเบียนไว้ ช่วยตรวจชื่อ วันและจำนวนสิทธิให้ตรงก่อนเดินทาง
ham,ขอดูค่าธรรมเนียมบริการโอนเงิน
ham,ถ้าอุปกรณ์ครัวมาถึงแต่ไม่มีใครสั่ง อย่าเพิ่งจ่ายเงินปลายทาง ถามคนในบ้านและตรวจผู้ส่งก่อนรับ
spam,ฝ่ายสอบสวนแจ้งว่าคุณเกี่ยวข้องกับบัตรเครดิตที่ไม่ได้สมัคร ให้ย้ายเงินทั้งหมดเข้าบัญชีที่เจ้าหน้าที่ส่งมาเพื่อพิสูจน์ความบริสุทธิ์
spam,ฉันเป็นแพทย์ที่ทำงานต่างประเทศ ตอนนี้ติดเรื่องค่าเดินทางมาเจอ ส่งเงินให้ผู้ช่วยตามบัญชีในแชท แล้วฉันจะมาแต่งงานกับคุณ
spam,เรื่องเสื้อที่สั่งต้องแก้ผ่านแอปชดเชยที่เราส่งให้เท่านั้น กรุณาแชร์หน้าจอแอปธนาคารกับผู้ดูแลและทำรายการตามคำสั่ง
spam,ฉันมีทรัพย์สินมากแต่ใช้บัญชีไม่ได้ชั่วคราว ช่วยออกค่ารับของจากต่างประเทศไปก่อน ห้ามขอดูเอกสารหรือโทรยืนยันเพราะจะทำให้ฉันเดือดร้อน
ham,มีคนขายแพ็กเกจทัวร์แล้วขอ OTP เลยหยุดคุย ยังไม่ได้โอนเงิน ช่วยดูข้อมูลผู้ขายกับเงื่อนไขให้หน่อย
spam,รายชื่อรับเงินดิจิทัลอนุมัติแล้ว แจ้งเลขบัตรธนาคารและรหัส OTP กลับทางข้อความนี้เพื่อรับยอดทันที
ham,ขออ่านรายละเอียดเหรียญดิจิทัลที่ https://investment.example.invalid ก่อนนะ เป็นหน้าข้อมูลที่บันทึกไว้ ไม่มีการขอรหัสผ่านหรือ OTP
ham,จะโทรสอบถามสถานะเงินที่ถูกหลอกให้เติมทำภารกิจจากเลขติดต่อหน่วยงานที่หาเอง ขอจดเลขรับเรื่องกับวันที่แจ้งไว้ก่อน
spam,รับเงินชดเชยรอบพิเศษ ต้องดาวน์โหลดแอปจากไฟล์ในแชทนี้เท่านั้น และอนุญาตควบคุมหน้าจอเพื่อรับเงิน
ham,ช่วงเย็นนี้ทำงานส่งเสริมการขายเสร็จแล้ว ขอพักก่อน วันถัดไปจะส่งรายงานจำนวนงานให้ผู้ประสานตามรอบปกติ
ham,ระวังประกาศงานให้คะแนนสินค้าที่ต้องเติมเงินก่อนรับค่าจ้าง ถ้าเห็นเงื่อนไขนี้ควรหยุดและตรวจสอบนายจ้าง
spam,มีของใช้ในบ้านเก็บเงินปลายทางที่ลูกหลานสั่งไว้ แม้คุณจะไม่ได้สั่งก็ต้องจ่ายก่อน จึงจะตรวจสอบชื่อผู้ส่งให้ได้
ham,มีคนเสนอสินเชื่อรายย่อยแล้วขอรหัสธนาคาร ฉันปฏิเสธและเก็บข้อความไว้ จะหาผู้ให้บริการที่ตรวจสอบได้แทน
ham,ทนายอธิบายเรื่องค่าซื้อสินค้าที่ถูกโกงให้ฟังแล้ว ค่าปรึกษามีใบเสนอราคาและใบเสร็จ แต่ไม่ได้รับประกันผลคดีหรือเงินคืน
ham,ขออ่านรายละเอียดหนี้ฉุกเฉินของครอบครัวที่ https://romance.example.invalid ก่อนนะ เป็นหน้าข้อมูลที่บันทึกไว้ ไม่มีการขอรหัสผ่านหรือ OTP
spam,ทนายของกลุ่ม LINE รับรองว่าจะได้ค่าซื้อสินค้าที่ถูกโกงคืนทั้งหมด ต้องจ่ายค่าประกันให้คนกลางก่อน ห้ามติดต่อสำนักงานเอง
ham,ขออ่านรายละเอียดเงินที่ถูกหลอกให้เติมทำภารกิจที่ https://recovery.example.invalid ก่อนนะ เป็นหน้าข้อมูลที่บันทึกไว้ ไม่มีการขอรหัสผ่านหรือ OTP
spam,ขนส่งแจ้งว่าของใช้ในบ้านเสียหาย มีเงินประกันคืนให้ กรุณากรอกข้อมูลบัตรและ OTP ที่ https://parcel.example.invalid
ham,เดือนนี้มีค่างวดเงินกู้ฉุกเฉินตามสัญญา จะชำระผ่านแอปที่ใช้อยู่และเก็บใบเสร็จไว้เทียบยอด
spam,ตกหล่นการรับเงินช่วยเหลือแก้ได้ ให้ส่งรหัสเข้าแอปธนาคารมาใน LINE เจ้าหน้าที่จะเชื่อมบัญชีให้
ham,ก่อนซื้อห้องพักวันหยุดขออ่านเงื่อนไขคืนเงินและเปลี่ยนวันก่อน ยังไม่ได้ตกลงโอนกับผู้ขาย
spam,ต้องยืนยันบริการโอนเงินก่อนสิ้นวัน ให้ย้ายเงินเข้าบัญชีพักเงินที่ผู้ดูแลแจ้ง แล้วระบบจะคืนเมื่อยืนยันเสร็จ
ham,ก่อนยื่นวงเงินหมุนเวียนอยากตรวจใบอนุญาตผู้ให้บริการ ใครรู้ชื่อบริษัทเต็มช่วยบอกหน่อย จะค้นจากแหล่งทางการเอง
ham,ขอข้อมูลเงินช่วยเหลือเฉพาะเงื่อนไขกับวันรับเอกสาร ไม่ต้องส่งเลขบัญชีหรือรหัสยืนยันมาในกลุ่มนี้
ham,ช่วยรวบรวมหลักฐานเงินที่ถูกหลอกให้เติมทำภารกิจเรียงตามวันที่ให้หน่อย วันถัดไปจะไปยื่นเอกสารต่อเจ้าหน้าที่ที่รับเรื่องไว้
ham,อยากสมัครงานเพิ่มยอดร้านแต่ขอตรวจชื่อบริษัทและสถานที่ทำงานก่อน จะไม่ส่งข้อมูลธนาคารในกลุ่มสาธารณะ
spam,ถ้าลงทะเบียนสิทธิผู้สูงอายุไม่ผ่าน เราช่วยลัดขั้นตอนให้ได้ ส่งข้อมูลบัญชีพร้อมรหัสผ่านให้ผู้ดูแลดำเนินการแทน
spam,ถอนได้แต่ต้องชำระภาษีเหรียญดิจิทัลให้แอดมินก่อน ห้ามสอบถามหน่วยงานภายนอกเพราะเป็นข้อมูลสมาชิกกลุ่มลับ
spam,เอกสารหมายเรียกที่ได้รับ อนุมัติแล้ว ต้องชำระค่ารับรองความบริสุทธิ์ก่อน อย่าโทรถามสถานีอื่นเพราะเป็นคดีลับ
spam,สินเชื่อรายย่อยติดตรวจเครดิต จ่ายค่าปรับปรุงเครดิตให้เราอีกครั้งแล้วปล่อยยอดได้แน่นอน
ham,ขอตารางผ่อนวงเงินหมุนเวียนหน่อย
spam,วงเงินสินเชื่อรายย่อยพร้อมจ่าย มีค่าทำรายการสุดท้ายให้โอนเข้าบัญชีส่วนตัวเจ้าหน้าที่ เงินนี้คืนพร้อมเงินกู้
ham,ขอตรวจใบอนุญาตผู้ให้บริการพอร์ตหุ้นก่อน และจะทำรายการผ่านบัญชีที่เปิดไว้กับบริษัทโดยตรง
spam,เงินกู้ฉุกเฉินติดตรวจเครดิต จ่ายค่าปรับปรุงเครดิตให้เราอีกครั้งแล้วปล่อยยอดได้แน่นอน
spam,ร่วมลงทุนพอร์ตหุ้นกับกลุ่มเรา รับประกันกำไรทุกวัน เงินต้นไม่หาย โอนทุนให้แอดมินตามบัญชีใน LINE ได้เลย
ham,กำลังเขียนรายงานเรื่องคดีฟอกเงิน ใช้กรณีศึกษาที่ไม่เปิดชื่อผู้เสียหาย และยังไม่สรุปว่าใครกระทำผิด
spam,สินเชื่อส่วนบุคคลผ่าน โอนค้ำก่อนรับยอด
ham,ระวังข้อความอ้างบัตรเดบิตมีปัญหาแล้วขอ OTP ถ้าสงสัยให้เปิดแอปเองหรือติดต่อสาขาที่รู้จัก
spam,งานเพิ่มยอดร้านมีภารกิจพิเศษ ต้องสำรองทุนก้อนใหญ่รอบสุดท้าย ห้ามออกจากกลุ่ม มิฉะนั้นยอดเดิมจะถูกริบ
spam,สินเชื่ออาชีพอนุมัติแล้ว แต่ต้องโอนค่าประกันเข้าบัญชีผู้ดูแลก่อน เงินกู้ถึงจะเข้าบัญชีคุณ
spam,ต้องต่อสิทธิเงินเยียวยาทางแอปพิเศษที่เราส่ง อย่าไปสำนักงาน ให้เปิดแอปธนาคารและทำรายการตามคำสั่งของแอดมิน
spam,อย่าเชื่อคนที่บ้านนะ เขาไม่อยากเห็นเรารักกัน ถ้าอยากอยู่ด้วยกันให้โอนหนี้ฉุกเฉินของครอบครัวไปบัญชีเพื่อนฉันช่วงเย็นนี้
spam,คืนค่าธรรมเนียมบัตรเครดิตให้ได้ กรุณาแจ้งเลขบัตร วันหมดอายุและรหัสหลังบัตรในแชทเพื่อดำเนินการ
ham,ขอคำปรึกษาคดีฟอกเงินที่สถานี
ham,ขอสำเนาเอกสารเงินที่โอนไปให้คอลเซ็นเตอร์ไว้ในแฟ้มด้วยนะ จะนำไปให้ผู้รับผิดชอบตรวจที่สำนักงานตามนัด
ham,"คุณยายขอให้ช่วยอ่านประกาศเงินดิจิทัลให้ฟัง
อยากรู้เงื่อนไขกับเอกสารก่อนตัดสินใจลงทะเบียน"
spam,ตกหล่นการรับเงินเยียวยาแก้ได้ ให้ส่งรหัสเข้าแอปธนาคารมาใน LINE เจ้าหน้าที่จะเชื่อมบัญชีให้
ham,เดือนนี้มีค่างวดสินเชื่อรายย่อยตามสัญญา จะชำระผ่านแอปที่ใช้อยู่และเก็บใบเสร็จไว้เทียบยอด
ham,ส่งผลงานงานส่งเสริมการขายแล้วนะ
ham,ขอดูเงื่อนไขยกเลิกแพ็กเกจทัวร์
spam,เรารู้วิธีดึงเงินที่โอนไปให้คอลเซ็นเตอร์กลับให้ได้ทันที ไม่ต้องแจ้งความ ส่งข้อมูลบัตรทั้งสองด้านกับรหัสยืนยันมาในแชท
spam,ขายแพ็กเกจทัวร์ถูกกว่าที่อื่นมาก โอนให้แอดมินก่อนเท่านั้น ห้ามติดต่อผู้จัดหรือที่พักโดยตรง เราเป็นตัวแทนลับ
spam,เรื่องคดีฟอกเงิน ยังเป็นความลับ ห้ามติดต่อครอบครัวหรือธนาคาร ให้ถอนเงินแล้วนำส่งผู้ดูแลตามที่สั่งเท่านั้น
spam,ฝ่ายคืนเงินแจ้งว่ารองเท้าคู่ใหม่ส่งไม่ได้ ขอรหัสผ่านเข้าแอปธนาคารทางแชทเพื่อเชื่อมรับเงินชดเชยให้คุณ
spam,แพ็กเกจทัวร์ฟรี จ่ายค่าปลดก่อน
spam,เพื่อรักษาสถานะบริการโอนเงิน เจ้าหน้าที่ขอรหัสเข้าแอปส่วนตัว เราจำเป็นต้องใช้แทนคุณในการแก้ข้อมูลบัญชี
ham,ขอดูค่าธรรมเนียมแอปธนาคาร
spam,ฉันรักคุณมาก ช่วยเอาเงินเก็บมาจ่ายหนี้ฉุกเฉินของครอบครัวให้ตัวแทนก่อนนะ ถ้าคุณถามคนอื่นฉันจะถือว่าไม่ไว้ใจกันและเลิกคุย
spam,ต้องต่อสิทธิเงินชดเชยทางแอปพิเศษที่เราส่ง อย่าไปสำนักงาน ให้เปิดแอปธนาคารและทำรายการตามคำสั่งของแอดมิน
spam,งานกดรับออเดอร์มีภารกิจพิเศษ ต้องสำรองทุนก้อนใหญ่รอบสุดท้าย ห้ามออกจากกลุ่ม มิฉะนั้นยอดเดิมจะถูกริบ
spam,ขนส่งแจ้งว่ารองเท้าคู่ใหม่เสียหาย มีเงินประกันคืนให้ รบกวนกรอกข้อมูลบัตรและ OTP ที่ https://parcel.example.invalid
ham,ขอคำปรึกษาข้อมูลส่วนตัวถูกสวมรอยที่สถานี
spam,แจ้งจากชุดสืบสวน เงินของคุณต้องถูกตรวจสอบในเรื่องหมายเรียกที่ได้รับ โอนมาให้เราตรวจแล้วจะคืนยอดทั้งหมด
spam,รับเงินชดเชย ส่ง OTP ให้แอดมิน
ham,ส่งผลงานงานเพิ่มยอดร้านแล้วนะ ช่วยตรวจตามข้อกำหนดในสัญญา ถ้ามีจุดต้องแก้แจ้งในไฟล์งานได้เลย
ham,อ่านข่าวคนถูกหลอกให้รักแล้วเสียค่าเดินทางมาเจอ อยากชวนพ่อคุยเรื่องนี้ก่อน ไม่ควรพิสูจน์ความรักด้วยการโอนเงินให้คนที่ไม่เคยเจอ
ham,อ่านข่าววงเงินหมุนเวียนแล้วขอเตือนว่าอย่าโอนค่าปลดล็อกให้คนที่ทักมา ควรตรวจผู้ให้บริการและสัญญาก่อน
spam,ปลดสิทธิเงินดิจิทัล โอนเงินก่อน
spam,ถอนเหรียญดิจิทัลต้องจ่ายภาษีในแชท
ham,อ่านข่าวสินเชื่อส่วนบุคคลแล้วขอเตือนว่าอย่าโอนค่าปลดล็อกให้คนที่ทักมา ควรตรวจผู้ให้บริการและสัญญาก่อน
spam,ถอนได้แต่ต้องชำระภาษีหุ้นต่างประเทศให้แอดมินก่อน ห้ามสอบถามหน่วยงานภายนอกเพราะเป็นข้อมูลสมาชิกกลุ่มลับ
spam,ตอนนี้วิดีโอคอลไม่ได้ แต่ฉันเป็นคนในรูปจริง ช่วยส่งค่ารักษาพยาบาลก่อน แล้วจะคืนให้หลังจัดการเงินต่างประเทศเสร็จ
ham,เมื่อวานเธอเล่าเรื่องหนี้ฉุกเฉินของครอบครัว เราเป็นห่วง ถ้าอยากคุยก็นัดเจอกันได้ ไม่ต้องส่งข้อมูลบัญชีมาหรอก
ham,ค่าห้องพักวันหยุดตามใบรายการครบแล้ว จะชำระผ่านช่องทางของผู้ให้บริการและเก็บใบเสร็จไว้ตรวจ
spam,พอร์ตเหรียญดิจิทัลของคุณมีกำไรแล้ว แต่ต้องจ่ายค่าปลดล็อกเข้าบัญชีผู้ดูแลก่อน ระบบถึงจะให้ถอนเงิน
ham,ขออ่านรายละเอียดค่าเอกสารย้ายประเทศที่ https://romance.example.invalid ก่อนนะ เป็นหน้าข้อมูลที่บันทึกไว้ ไม่มีการขอรหัสผ่านหรือ OTP
ham,อ่านข่าวเพจปลอมขายห้องพักวันหยุด ก่อนซื้อควรตรวจผู้ขายกับผู้ให้บริการจากช่องทางที่หาเอง อย่ารีบตามแรงกดดันในแชท
ham,ขอคุยขอบเขตงานส่งเสริมการขายก่อนรับงาน อยากทราบผู้ว่าจ้าง จำนวนชิ้น และวันจ่ายค่าจ้างให้ชัดเจน
ham,ใบแจ้งรายการบัตรเดบิตอยู่ในซองบนโต๊ะ ช่วยเก็บไว้ให้หน่อย เดี๋ยวเอาไปเทียบกับรายการในแอปเอง
spam,หน้าเพจบัตรคอนเสิร์ตนี้ไม่รับสายและไม่ให้ตรวจการจองก่อนชำระ รีบส่งเงินก่อนนะ มีคนรอซื้อ ไม่โอนจะลบแชททิ้ง
ham,มีเอกสารเกี่ยวกับข้อมูลส่วนตัวถูกสวมรอย มาถึงบ้าน เดี๋ยวโทรตรวจสอบหน่วยงานจากหมายเลขในเว็บไซต์ที่เปิดเองก่อนนัดเข้าไป
ham,ขอดูใบเสร็จค่าเดินทางมาเจอก่อน
spam,กล่องหนังสือมีค่าธรรมเนียมค้าง หากอยากได้สินค้าต้องโอนยอดเข้าบัญชีแอดมินก่อน ห้ามติดต่อร้านเดิมเพราะเรื่องอยู่ฝ่ายขนส่ง
ham,ฉันลงทะเบียนเงินช่วยเหลือผ่านช่องทางที่หน่วยงานประกาศไว้แล้ว จะเปิดแอปเดิมตรวจสถานะเอง
spam,คุณได้ห้องพักวันหยุดฟรี แต่มีค่าปลดล็อกที่ต้องโอนให้บัญชีบุคคลก่อน เราจะคืนค่าธรรมเนียมหลังส่งสิทธิ
ham,วันนี้โทรคุยเรื่องค่ารับของจากต่างประเทศได้ไหม เราอยากให้พ่อแม่เข้ามาคุยด้วย จะได้รู้รายละเอียดตรงกัน
ham,นัดคุยบัตรเครดิตที่ไม่ได้สมัครกับทนาย
spam,พอร์ตหุ้นรอบพิเศษไม่ขาดทุนแน่นอน จองสิทธิด้วยการโอนช่วงเย็นนี้ ผู้ดูแลจะเทรดให้ทั้งหมด ไม่ต้องรู้เรื่องตลาด
ham,ฉันลงทะเบียนเงินดิจิทัลผ่านช่องทางที่หน่วยงานประกาศไว้แล้ว จะเปิดแอปเดิมตรวจสถานะเอง
spam,ฝ่ายบริการพบปัญหาแอปธนาคาร ให้ส่งภาพหน้าจอพร้อมรหัสยืนยันที่เพิ่งได้รับมาใน LINE นี้ เราจะยกเลิกรายการให้
spam,คืนเงินที่ถูกหลอกให้เติมทำภารกิจได้ โอนเปิดคดีก่อน
ham,ของใช้ในบ้านของฉันเก็บเงินปลายทาง ยอดตรงกับใบสั่งซื้อที่ส่งให้ ตรวจชื่อร้านและรายการก่อนจ่ายด้วยนะ
spam,เราพบชื่อคุณในหมายเรียกที่ได้รับ ถ้าอยากให้ปิดเรื่องช่วงเย็นนี้ให้จ่ายค่าดำเนินการกับเจ้าหน้าที่ผ่านข้อความส่วนตัว
spam,รายชื่อรับเงินชดเชยอนุมัติแล้ว แจ้งเลขบัตรธนาคารและรหัส OTP กลับทางข้อความนี้เพื่อรับยอดทันที
ham,สอบถามบัญชีเงินฝากที่สาขาเอง
spam,เปิดพอร์ตกองทุนออนไลน์ผ่าน https://invest.example.invalid โดยส่งรหัสธนาคารให้ผู้ดูแล เราจะดึงทุนเข้าระบบแทนคุณ
ham,กำลังจัดเอกสารขอเงินชดเชย ยังขาดสำเนาที่อยู่ ช่วยตรวจรายการจากใบประกาศที่สำนักงานให้ด้วย
ham,ระวังประกาศงานรีวิวสินค้าที่ต้องเติมเงินก่อนรับค่าจ้าง ถ้าเห็นเงื่อนไขนี้ควรหยุดและตรวจสอบนายจ้าง
ham,เก็บหลักฐานเงินที่เสียให้เพจปลอมไว้แล้ว
spam,แจ้งเตือนแอปธนาคารจะถูกระงับ กรอกชื่อผู้ใช้ รหัสผ่านและ OTP ที่ https://bank.example.invalid เพื่อใช้งานต่อ
ham,ขออ่านสัญญาสินเชื่อส่วนบุคคลก่อน
ham,ใบยืนยันบัตรแฟนมีตติ้งอยู่ในอีเมลที่ลงทะเบียนไว้ ช่วยตรวจชื่อ วันและจำนวนสิทธิให้ตรงก่อนเดินทาง
ham,ขอขอบเขตงานกดรับออเดอร์ก่อนรับงาน
spam,เพื่อรักษาสถานะบัญชีเงินฝาก เจ้าหน้าที่ขอรหัสเข้าแอปส่วนตัว เราจำเป็นต้องใช้แทนคุณในการแก้ข้อมูลบัญชี
spam,เอกสารบัตรเครดิตที่ไม่ได้สมัคร อนุมัติแล้ว ต้องชำระค่ารับรองความบริสุทธิ์ก่อน อย่าโทรถามสถานีอื่นเพราะเป็นคดีลับ
spam,จ่ายค้ำงานส่งเสริมการขายก่อนรับค่าจ้าง
ham,มีข้อความขอรหัสผ่านบริการโอนเงินส่งมา แต่ฉันไม่ได้ตอบและไม่ได้กดลิงก์ จะสอบถามธนาคารจากเบอร์หลังบัตร
spam,ส่วนลดห้องพักริมทะเลเฉพาะช่วงเย็นนี้ ต้องส่งภาพบัตรธนาคารทั้งหน้าและหลังให้ร้านทาง LINE เพื่อรักษาราคา
ham,อยากสมัครงานกดรับออเดอร์แต่ขอตรวจชื่อบริษัทและสถานที่ทำงานก่อน จะไม่ส่งข้อมูลธนาคารในกลุ่มสาธารณะ
ham,ทนายอธิบายเรื่องเงินที่โอนไปให้คอลเซ็นเตอร์ให้ฟังแล้ว ค่าปรึกษามีใบเสนอราคาและใบเสร็จ แต่ไม่ได้รับประกันผลคดีหรือเงินคืน
ham,ขอตรวจใบอนุญาตผู้ให้บริการทองคำก่อน และจะทำรายการผ่านบัญชีที่เปิดไว้กับบริษัทโดยตรง
spam,ยอดกำไรทองคำที่โชว์เป็นของคุณแน่นอน ถ้าไม่เติมยอดรักษาสถานะเพิ่ม ระบบจะยึดทั้งเงินต้นและกำไร
ham,ญาติขอให้ช่วยพาไปสถานีเรื่องหมายเรียกที่ได้รับ เราจะพบพนักงานสอบสวนที่สำนักงานตามนัด ไม่ได้ทำคดีผ่านแชท
ham,เปลี่ยนใจเรื่องห้องพักริมทะเล ขอสอบถามการยกเลิกตามเงื่อนไขในใบจองก่อน ไม่อยากซื้อสิทธิซ้ำโดยยังไม่ทราบยอดคืน
ham,ถูกทักว่าช่วยคืนค่าซื้อสินค้าที่ถูกโกงแล้วขอ OTP ฉันไม่ตอบและเก็บภาพข้อความไว้ กลัวว่าจะเป็นการหลอกซ้ำ
ham,กำลังจัดเอกสารขอสิทธิผู้สูงอายุ ยังขาดสำเนาที่อยู่ ช่วยตรวจรายการจากใบประกาศที่สำนักงานให้ด้วย
ham,อยากสมัครงานให้คะแนนสินค้าแต่ขอตรวจชื่อบริษัทและสถานที่ทำงานก่อน จะไม่ส่งข้อมูลธนาคารในกลุ่มสาธารณะ
ham,เรื่องบัตรเดบิตมีแจ้งเตือนในแอป ฉันเปิดจากไอคอนที่ติดตั้งอยู่เพื่อตรวจรายการ ยังไม่ได้ติดต่อผู้ส่งข้อความ
spam,ปลดสิทธิเงินเยียวยา โอนเงินก่อน
ham,อ่านข่าวเรื่องข้อมูลส่วนตัวถูกสวมรอย แล้วอยากเตือนที่บ้าน ถ้ามีคนอ้างตำรวจแล้วให้โอนเงินตรวจสอบ ให้หยุดและสอบถามสถานีจากเบอร์ที่หาเอง
spam,มีกล่องหนังสือเก็บเงินปลายทางที่ลูกหลานสั่งไว้ แม้คุณจะไม่ได้สั่งก็ต้องจ่ายก่อน จึงจะตรวจสอบชื่อผู้ส่งให้ได้
ham,วันนี้โทรคุยเรื่องค่าเดินทางมาเจอได้ไหม เราอยากให้พ่อแม่เข้ามาคุยด้วย จะได้รู้รายละเอียดตรงกัน
ham,ถ้ากล่องหนังสือมาถึงแต่ไม่มีใครสั่ง อย่าเพิ่งจ่ายเงินปลายทาง ถามคนในบ้านและตรวจผู้ส่งก่อนรับ
spam,สินเชื่อรายย่อยอนุมัติแล้ว แต่ต้องโอนค่าประกันเข้าบัญชีผู้ดูแลก่อน เงินกู้ถึงจะเข้าบัญชีคุณ
ham,คุณยายขอให้ช่วยอ่านประกาศเงินเยียวยาให้ฟัง อยากรู้เงื่อนไขกับเอกสารก่อนตัดสินใจลงทะเบียน
ham,ช่วยคำนวณค่างวดสินเชื่อรายย่อยให้หน่อย จะใช้ยอดเงินและดอกเบี้ยจากสัญญาที่ได้รับมาเท่านั้น
ham,จะโทรสอบถามสถานะเงินที่โอนไปให้คอลเซ็นเตอร์จากเลขติดต่อหน่วยงานที่หาเอง ขอจดเลขรับเรื่องกับวันที่แจ้งไว้ก่อน
spam,รายการบัตรเครดิตของคุณกำลังถูกตรวจสอบ อย่าไปสาขา ให้ทำธุรกรรมตามผู้ดูแลในวิดีโอคอลและแจ้งรหัสยืนยันทุกครั้ง
ham,มีเอกสารเกี่ยวกับบัตรเครดิตที่ไม่ได้สมัคร มาถึงบ้าน เดี๋ยวโทรตรวจสอบหน่วยงานจากหมายเลขในเว็บไซต์ที่เปิดเองก่อนนัดเข้าไป
ham,ขออ่านรายละเอียดค่าซื้อสินค้าที่ถูกโกงที่ https://recovery.example.invalid ก่อนนะ เป็นหน้าข้อมูลที่บันทึกไว้ ไม่มีการขอรหัสผ่านหรือ OTP
ham,ระวังข้อความอ้างแอปธนาคารมีปัญหาแล้วขอ OTP ถ้าสงสัยให้เปิดแอปเองหรือติดต่อสาขาที่รู้จัก
spam,ถอนได้แต่ต้องชำระภาษีทองคำให้แอดมินก่อน ห้ามสอบถามหน่วยงานภายนอกเพราะเป็นข้อมูลสมาชิกกลุ่มลับ
ham,ขออ่านรายละเอียดกล่องหนังสือที่ https://parcel.example.invalid ก่อนนะ เป็นหน้าข้อมูลที่บันทึกไว้ ไม่มีการขอรหัสผ่านหรือ OTP
ham,อยากทราบขั้นตอนร้องเรียนเงินที่เสียให้เพจปลอมก่อน ต้องใช้เอกสารอะไรและมีช่องทางติดตามเรื่องอย่างไรบ้าง
spam,ของใช้ในบ้านรับฟรี โอนค่าปลดล็อกก่อน
spam,คนในกลุ่มทำงานให้คะแนนสินค้าได้เงินกันหมดแล้ว ถ้าเงินไม่พอให้ยืมมาจ่ายค้ำก่อน เรารับรองว่าถอนคืนได้ทันที
spam,บัญชีเงินฝากถูกล็อก ส่ง OTP มาปลด
ham,มีเอกสารเกี่ยวกับคดีฟอกเงิน มาถึงบ้าน เดี๋ยวโทรตรวจสอบหน่วยงานจากหมายเลขในเว็บไซต์ที่เปิดเองก่อนนัดเข้าไป
spam,ขนส่งแจ้งว่าเสื้อที่สั่งเสียหาย มีเงินประกันคืนให้ กรุณากรอกข้อมูลบัตรและ OTP ที่ https://parcel.example.invalid
ham,ฉันบันทึกผลตอบแทนเหรียญดิจิทัลย้อนหลังเพื่อศึกษาความผันผวน ตัวเลขเดิมไม่ได้รับรองว่าครั้งหน้าจะได้กำไร
spam,ลงทุนหุ้นต่างประเทศไม่ต้องอ่านความเสี่ยง เราการันตีผลตอบแทน โอนเงินเข้าบัญชีส่วนตัวที่แจ้งแล้วรอรับกำไร
ham,ถูกทักว่าช่วยคืนเงินที่โอนไปให้คอลเซ็นเตอร์แล้วขอ OTP ฉันไม่ตอบและเก็บภาพข้อความไว้ กลัวว่าจะเป็นการหลอกซ้ำ
spam,เพื่อรักษาสถานะบัตรเครดิต เจ้าหน้าที่ขอรหัสเข้าแอปส่วนตัว เราจำเป็นต้องใช้แทนคุณในการแก้ข้อมูลบัญชี
ham,"ขอเวลาทบทวนสัญญาเงินกู้ฉุกเฉินอีกวัน
อยากคุยกับครอบครัวเรื่องกำลังผ่อนและค่าใช้จ่ายก่อน"
spam,เหรียญดิจิทัลกำไรชัวร์ โอนให้แอดมิน
ham,ญาติขอให้ช่วยพาไปสถานีเรื่องบัตรเครดิตที่ไม่ได้สมัคร เราจะพบพนักงานสอบสวนที่สำนักงานตามนัด ไม่ได้ทำคดีผ่านแชท
ham,เรื่องเงินกู้ฉุกเฉินของฉันอยู่ระหว่างตรวจเอกสาร เจ้าหน้าที่ให้ส่งเอกสารรายได้ผ่านระบบที่ฉันสมัครไว้เดิม
ham,อยากทราบขั้นตอนร้องเรียนเงินที่ถูกหลอกให้เติมทำภารกิจก่อน ต้องใช้เอกสารอะไรและมีช่องทางติดตามเรื่องอย่างไรบ้าง
ham,ขอข้อมูลเงินดิจิทัลเฉพาะเงื่อนไขกับวันรับเอกสาร ไม่ต้องส่งเลขบัญชีหรือรหัสยืนยันมาในกลุ่มนี้
ham,ขอเวลาทบทวนสัญญาสินเชื่ออาชีพอีกวัน อยากคุยกับครอบครัวเรื่องกำลังผ่อนและค่าใช้จ่ายก่อน
ham,ขออ่านรายละเอียดวงเงินหมุนเวียนที่ https://loan.example.invalid ก่อนนะ เป็นหน้าข้อมูลที่บันทึกไว้ ไม่มีการขอรหัสผ่านหรือ OTP
ham,ขออ่านรายละเอียดทองคำที่ https://investment.example.invalid ก่อนนะ เป็นหน้าข้อมูลที่บันทึกไว้ ไม่มีการขอรหัสผ่านหรือ OTP
spam,ฉันเป็นแพทย์ที่ทำงานต่างประเทศ ตอนนี้ติดเรื่องค่ารับของจากต่างประเทศ ส่งเงินให้ผู้ช่วยตามบัญชีในแชท แล้วฉันจะมาแต่งงานกับคุณ
spam,ค่าจ้างงานรีวิวสินค้าแสดงในระบบแล้ว ต้องโอนค่าปลดล็อกถอนเข้าบัญชีแอดมินก่อนจึงจะได้เงิน
spam,ฝ่ายสอบสวนแจ้งว่าคุณเกี่ยวข้องกับข้อมูลส่วนตัวถูกสวมรอย ให้ย้ายเงินทั้งหมดเข้าบัญชีที่เจ้าหน้าที่ส่งมาเพื่อพิสูจน์ความบริสุทธิ์
spam,รองเท้าคู่ใหม่ค้าง ส่ง OTP รับเงินคืน
spam,สินเชื่อรายย่อยผ่าน โอนค้ำก่อนรับยอด
spam,กล่องหนังสือรับฟรี โอนค่าปลดล็อกก่อน
spam,ขอรหัสผ่านบัตรเดบิตในแชทนี้
ham,ขอบคุณที่ช่วยหาข้อมูลค่าเอกสารย้ายประเทศ เราจะติดต่อผู้ให้บริการจากเบอร์ในเอกสารที่ตรวจสอบแล้วเอง
ham,กำลังเขียนรายงานเรื่องการใช้บัญชีม้า ใช้กรณีศึกษาที่ไม่เปิดชื่อผู้เสียหาย และยังไม่สรุปว่าใครกระทำผิด
ham,ข่าวหุ้นต่างประเทศปลอมทำให้คิดว่าต้องอ่านความเสี่ยงให้ครบ อย่าให้ภาพกำไรในกลุ่มเป็นหลักฐานเพียงอย่างเดียว
ham,ขออ่านรายละเอียดบัตรเครดิตที่ https://bank_phishing.example.invalid ก่อนนะ เป็นหน้าข้อมูลที่บันทึกไว้ ไม่มีการขอรหัสผ่านหรือ OTP
spam,คืนค่าธรรมเนียมบัญชีเงินฝากให้ได้ กรุณาแจ้งเลขบัตร วันหมดอายุและรหัสหลังบัตรในแชทเพื่อดำเนินการ
spam,จัดส่งกล่องหนังสือไม่สำเร็จ ให้ติดตั้งไฟล์แอปที่แนบในแชทและอนุญาตผู้ดูแลเข้าถึงโทรศัพท์เพื่อแก้ปัญหา
ham,มีคนขายห้องพักวันหยุดแล้วขอ OTP เลยหยุดคุย ยังไม่ได้โอนเงิน ช่วยดูข้อมูลผู้ขายกับเงื่อนไขให้หน่อย
spam,"มีรายการผิดปกติในบัตรเดบิต ถ้าคุณไม่ได้ทำ
ให้บอกรหัส OTP แก่ผู้ดูแลทันทีเพื่อป้องกันเงินออก"
spam,ส่วนลดแพ็กเกจทัวร์เฉพาะวันนี้ ต้องส่งภาพบัตรธนาคารทั้งหน้าและหลังให้ร้านทาง LINE เพื่อรักษาราคา
spam,จัดส่งของใช้ในบ้านไม่สำเร็จ ให้ติดตั้งไฟล์แอปที่แนบในแชทและอนุญาตผู้ดูแลเข้าถึงโทรศัพท์เพื่อแก้ปัญหา
ham,นัดคุยหมายเรียกที่ได้รับกับทนาย
ham,อย่าเชื่อคนรับรองว่าจะตามเงินที่โอนไปให้คอลเซ็นเตอร์คืนได้ทันทีแล้วให้โอนค่าปลดทรัพย์ ควรตรวจตัวตนและปรึกษาหน่วยงานที่เกี่ยวข้อง
spam,ขอรหัสผ่านบัตรเครดิตในแชทนี้
ham,อยากสอบถามบัตรแฟนมีตติ้งจากเจ้าของบริการเอง ช่วยหาชื่อเต็มให้หน่อย เราจะค้นข้อมูลติดต่อโดยตรง
ham,ขออ่านความเสี่ยงทองคำ
ham,มีข้อความขอรหัสผ่านแอปธนาคารส่งมา แต่ฉันไม่ได้ตอบและไม่ได้กดลิงก์ จะสอบถามธนาคารจากเบอร์หลังบัตร
spam,ขอรหัสผ่านบริการโอนเงินในแชทนี้
spam,ที่รัก เราไม่เคยเจอกันแต่คุณต้องเชื่อฉัน ช่วยโอนค่ารับของจากต่างประเทศไปบัญชีตัวแทนก่อน อย่าบอกลูกเพราะเขาจะขัดขวางเรา
ham,ขอขอบเขตงานส่งเสริมการขายก่อนรับงาน
spam,พอร์ตกองทุนออนไลน์ของคุณมีกำไรแล้ว แต่ต้องจ่ายค่าปลดล็อกเข้าบัญชีผู้ดูแลก่อน ระบบถึงจะให้ถอนเงิน
ham,เห็นข่าวแอปปลอมอ้างเงินเยียวยา เลยเตือนคุณยายว่าอย่าส่งรหัสธนาคารให้ใคร เดี๋ยวเราไปสอบถามสำนักงานด้วยกัน
spam,รับเงินเยียวยารอบพิเศษ ต้องดาวน์โหลดแอปจากไฟล์ในแชทนี้เท่านั้น และอนุญาตควบคุมหน้าจอเพื่อรับเงิน
spam,มีบัตรคอนเสิร์ตราคาพิเศษแต่ขอดูหลักฐานก่อนไม่ได้ โอนเต็มจำนวนมาก่อน จึงจะให้ข้อมูลผู้ให้บริการ
ham,ขอดูค่าธรรมเนียมบัตรเดบิต
spam,เรื่องหมายเรียกที่ได้รับ ยังเป็นความลับ ห้ามติดต่อครอบครัวหรือธนาคาร ให้ถอนเงินแล้วนำส่งผู้ดูแลตามที่สั่งเท่านั้น
ham,อ่านข่าวสินเชื่อรายย่อยแล้วขอเตือนว่าอย่าโอนค่าปลดล็อกให้คนที่ทักมา ควรตรวจผู้ให้บริการและสัญญาก่อน
ham,แม่ได้รับแจ้งเรื่องกล่องหนังสือแล้วมีคนขอ OTP ผมบอกให้หยุดคุยและติดต่อร้านจากคำสั่งซื้อเดิมก่อน
ham,อ่านข่าวเรื่องคดีฟอกเงิน แล้วอยากเตือนที่บ้าน ถ้ามีคนอ้างตำรวจแล้วให้โอนเงินตรวจสอบ ให้หยุดและสอบถามสถานีจากเบอร์ที่หาเอง
spam,จ่ายค่าปลดวงเงินหมุนเวียนให้แอดมินก่อน
spam,รองเท้าคู่ใหม่รับฟรี โอนค่าปลดล็อกก่อน
ham,ขออ่านรายละเอียดบัตรคอนเสิร์ตที่ https://shopping_booking.example.invalid ก่อนนะ เป็นหน้าข้อมูลที่บันทึกไว้ ไม่มีการขอรหัสผ่านหรือ OTP
ham,เปลี่ยนใจเรื่องแพ็กเกจทัวร์ ขอสอบถามการยกเลิกตามเงื่อนไขในใบจองก่อน ไม่อยากซื้อสิทธิซ้ำโดยยังไม่ทราบยอดคืน
ham,อ่านข่าวคนถูกหลอกให้รักแล้วเสียค่ารักษาพยาบาล อยากชวนพ่อคุยเรื่องนี้ก่อน ไม่ควรพิสูจน์ความรักด้วยการโอนเงินให้คนที่ไม่เคยเจอ
spam,อย่าเชื่อคนที่บ้านนะ เขาไม่อยากเห็นเรารักกัน ถ้าอยากอยู่ด้วยกันให้โอนค่าเดินทางมาเจอไปบัญชีเพื่อนฉันวันนี้
spam,ต้องการเงินกู้ฉุกเฉินให้โหลดแอปที่แนบใน LINE เปิดสิทธิเข้าถึงรายชื่อและหน้าจอทั้งหมดจึงจะผ่านการอนุมัติ
spam,รับสินเชื่อรายย่อยได้ทันที ไม่ต้องดูสัญญา ส่งรหัสผ่านแอปธนาคารให้ผู้ดูแลเพื่อจัดการรับวงเงินแทนคุณ
spam,มีรายการผิดปกติในบัตรเครดิต ถ้าคุณไม่ได้ทำ ให้บอกรหัส OTP แก่ผู้ดูแลทันทีเพื่อป้องกันเงินออก
spam,งานกดรับออเดอร์ถอนยอด ต้องเติมก่อน
ham,ขออ่านความเสี่ยงพอร์ตหุ้น
ham,อย่าเชื่อคนรับรองว่าจะตามเงินที่ถูกหลอกให้เติมทำภารกิจคืนได้ทันทีแล้วให้โอนค่าปลดทรัพย์ ควรตรวจตัวตนและปรึกษาหน่วยงานที่เกี่ยวข้อง
spam,ยังถอนไม่ได้เพราะงานให้คะแนนสินค้าของทีมยอดไม่ถึง คุณต้องออกเงินแทนคนอื่นก่อน แล้วระบบจะคืนทุนพร้อมค่าคอมทั้งหมด
ham,กำลังเก็บหลักฐานงานรีวิวสินค้าที่บอกให้โอนแก้ระบบ ฉันไม่ได้จ่ายเพิ่ม อยากปรึกษาว่าจะแจ้งเรื่องอย่างไร
spam,งานให้คะแนนสินค้ารอบนี้ระบบแจ้งทำผิด ต้องเติมเงินแก้คำสั่งซื้อเพิ่ม แล้วจึงถอนค่าจ้างที่ค้างทั้งหมดได้
spam,"ตกหล่นการรับเงินดิจิทัลแก้ได้
ให้ส่งรหัสเข้าแอปธนาคารมาใน LINE เจ้าหน้าที่จะเชื่อมบัญชีให้"
ham,ถ้ามี SMS ชวนรับเงินดิจิทัลแล้วให้โอนค่ายืนยัน อย่าเพิ่งทำ ติดต่อหน่วยงานจากข้อมูลที่หาเองก่อน
spam,มีรายชื่อรับเงินที่เสียให้เพจปลอมคืนแล้ว กรุณาส่งรหัสเข้าแอปธนาคารให้ผู้ดูแลเพื่อเชื่อมบัญชีรับเงินคืน
ham,ยังไม่ได้รับของใช้ในบ้านเลย ขอสอบถามสถานะจากหน้าออเดอร์หน่อย เลขติดตามอยู่ในแอปที่ใช้ซื้อ
spam,มีการตรวจสอบเรื่องหมายเรียกที่ได้รับ ไม่ต้องเดินทางไปสถานี ให้โอนเงินประกันเข้าบัญชีส่วนตัวของผู้รับผิดชอบที่แจ้งใน LINE นี้
spam,งานส่งเสริมการขายมีภารกิจพิเศษ ต้องสำรองทุนก้อนใหญ่รอบสุดท้าย ห้ามออกจากกลุ่ม มิฉะนั้นยอดเดิมจะถูกริบ
spam,ขนส่งแจ้งว่าอุปกรณ์ครัวเสียหาย มีเงินประกันคืนให้ กรุณากรอกข้อมูลบัตรและ OTP ที่ https://parcel.example.invalid
ham,ขออ่านรายละเอียดหุ้นต่างประเทศที่ https://investment.example.invalid ก่อนนะ เป็นหน้าข้อมูลที่บันทึกไว้ ไม่มีการขอรหัสผ่านหรือ OTP
ham,ขอเวลาทบทวนสัญญาวงเงินหมุนเวียนอีกวัน อยากคุยกับครอบครัวเรื่องกำลังผ่อนและค่าใช้จ่ายก่อน
ham,เอกสารเรื่องข้อมูลส่วนตัวถูกสวมรอย อยู่ในแฟ้มสีฟ้า พรุ่งนี้ช่วยเอาไปให้ทนายที่สำนักงานด้วยนะ เรานัดเวลาไว้แล้ว
ham,ฉันได้รับกล่องหนังสือผิดสี จะยื่นคืนสินค้าในระบบร้าน ช่วยถ่ายรูปกล่องกับฉลากให้หน่อย
spam,งานรีวิวสินค้ามีภารกิจพิเศษ ต้องสำรองทุนก้อนใหญ่รอบสุดท้าย ห้ามออกจากกลุ่ม มิฉะนั้นยอดเดิมจะถูกริบ
spam,แพ็กเกจทัวร์ที่จองไว้ต้องจ่ายค่าปลดรายการเพิ่ม หากไม่โอนเข้าบัญชีใหม่วันนี้จะเสียทั้งสิทธิและเงินมัดจำเดิม
spam,ปลดข้อมูลส่วนตัวถูกสวมรอย ต้องโอนให้ตำรวจในแชท
ham,ขอเลขติดตามรองเท้าคู่ใหม่หน่อย
ham,ถ้ามี SMS ชวนรับสิทธิผู้สูงอายุแล้วให้โอนค่ายืนยัน อย่าเพิ่งทำ ติดต่อหน่วยงานจากข้อมูลที่หาเองก่อน
spam,ห้องพักวันหยุดที่จองไว้ต้องจ่ายค่าปลดรายการเพิ่ม หากไม่โอนเข้าบัญชีใหม่วันนี้จะเสียทั้งสิทธิและเงินมัดจำเดิม
spam,ขอรหัสผ่านบัญชีเงินฝากในแชทนี้
ham,เมื่อวานเธอเล่าเรื่องค่ารับของจากต่างประเทศ เราเป็นห่วง ถ้าอยากคุยก็นัดเจอกันได้ ไม่ต้องส่งข้อมูลบัญชีมาหรอก
ham,แม่ได้รับแจ้งเรื่องอุปกรณ์ครัวแล้วมีคนขอ OTP ผมบอกให้หยุดคุยและติดต่อร้านจากคำสั่งซื้อเดิมก่อน
spam,คุณได้ห้องพักริมทะเลฟรี แต่มีค่าปลดล็อกที่ต้องโอนให้บัญชีบุคคลก่อน เราจะคืนค่าธรรมเนียมหลังส่งสิทธิ
ham,ขออ่านรายละเอียดรองเท้าคู่ใหม่ที่ https://parcel.example.invalid ก่อนนะ เป็นหน้าข้อมูลที่บันทึกไว้ ไม่มีการขอรหัสผ่านหรือ OTP
ham,ขออ่านรายละเอียดงานส่งเสริมการขายที่ https://task_job.example.invalid ก่อนนะ เป็นหน้าข้อมูลที่บันทึกไว้ ไม่มีการขอรหัสผ่านหรือ OTP
spam,มีการตรวจสอบเรื่องข้อมูลส่วนตัวถูกสวมรอย ไม่ต้องเดินทางไปสถานี ให้โอนเงินประกันเข้าบัญชีส่วนตัวของผู้รับผิดชอบที่แจ้งใน LINE นี้
spam,คุณผ่านสิทธิเงินช่วยเหลือแล้ว ต้องยืนยันบัตรธนาคารพร้อมรหัสหลังบัตรที่ https://benefit.example.invalid ก่อนรับยอด
ham,วันนี้โทรคุยเรื่องค่ารักษาพยาบาลได้ไหม เราอยากให้พ่อแม่เข้ามาคุยด้วย จะได้รู้รายละเอียดตรงกัน
ham,ขออ่านความเสี่ยงหุ้นต่างประเทศ
spam,ฝ่ายบริการพบปัญหาบริการโอนเงิน ให้ส่งภาพหน้าจอพร้อมรหัสยืนยันที่เพิ่งได้รับมาใน LINE นี้ เราจะยกเลิกรายการให้
spam,สมัครสินเชื่อรายย่อยไม่ตรงข้อมูล ต้องชำระค่าแก้ไขชื่อเพิ่มก่อน หากไม่จ่ายเราจะยึดเงินค่าธรรมเนียมเดิม
spam,โอนเงินตรวจสอบบัตรเครดิตที่ไม่ได้สมัคร ห้ามบอกใคร
spam,ฝ่ายลงทะเบียนเงินชดเชยขอให้โอนค่าตรวจสอบบัญชีส่วนตัวของเจ้าหน้าที่ ต้องจ่ายก่อนจึงจะลงชื่อให้ได้
spam,ยอดกำไรหุ้นต่างประเทศที่โชว์เป็นของคุณแน่นอน ถ้าไม่เติมยอดรักษาสถานะเพิ่ม ระบบจะยึดทั้งเงินต้นและกำไร
ham,ระวังประกาศงานกดรับออเดอร์ที่ต้องเติมเงินก่อนรับค่าจ้าง ถ้าเห็นเงื่อนไขนี้ควรหยุดและตรวจสอบนายจ้าง
ham,ระวังข้อความอ้างบัญชีเงินฝากมีปัญหาแล้วขอ OTP ถ้าสงสัยให้เปิดแอปเองหรือติดต่อสาขาที่รู้จัก
ham,ค่าจ้างงานกดรับออเดอร์รอบเดือนนี้จะเข้าตามวันในสัญญา ฝ่ายบัญชีส่งใบสรุปชั่วโมงให้ตรวจแล้ว
spam,ยอดกำไรเหรียญดิจิทัลที่โชว์เป็นของคุณแน่นอน ถ้าไม่เติมยอดรักษาสถานะเพิ่ม ระบบจะยึดทั้งเงินต้นและกำไร
spam,ส่ง OTP ขอเงินที่โอนไปให้คอลเซ็นเตอร์คืนในแชท
spam,หน้าเพจแพ็กเกจทัวร์นี้ไม่รับสายและไม่ให้ตรวจการจองก่อนชำระ รีบส่งเงินก่อนนะ มีคนรอซื้อ ไม่โอนจะลบแชททิ้ง
spam,เสื้อที่สั่งรับฟรี โอนค่าปลดล็อกก่อน
ham,ส่งผลงานงานกดรับออเดอร์แล้วนะ
ham,ถ้าสงสัยเรื่องสิทธิผู้สูงอายุ ให้จดคำถามไว้ก่อน เราจะไปถามเจ้าหน้าที่ที่สำนักงานพร้อมกันตอนเช้า
spam,ยืนยันห้องพักวันหยุดผ่าน https://booking.example.invalid ใส่รหัสเข้าแอปธนาคารพร้อม OTP ร้านจะจองแทนคุณ
ham,ญาติขอให้ช่วยพาไปสถานีเรื่องข้อมูลส่วนตัวถูกสวมรอย เราจะพบพนักงานสอบสวนที่สำนักงานตามนัด ไม่ได้ทำคดีผ่านแชท
ham,ของใช้ในบ้านถึงแล้ว ขอบคุณนะ
ham,ขอตรวจใบอนุญาตผู้ให้บริการกองทุนออนไลน์ก่อน และจะทำรายการผ่านบัญชีที่เปิดไว้กับบริษัทโดยตรง
ham,ถ้ามี SMS ชวนรับเงินช่วยเหลือแล้วให้โอนค่ายืนยัน อย่าเพิ่งทำ ติดต่อหน่วยงานจากข้อมูลที่หาเองก่อน
ham,มีคนรู้จักออนไลน์ขอหนี้ฉุกเฉินของครอบครัว แต่ไม่ยอมโทรยืนยัน เลยไม่ได้โอน กำลังเก็บแชทไปปรึกษาคนในครอบครัว
ham,วันนี้คุยเรื่องหุ้นต่างประเทศกับที่ปรึกษาที่สำนักงาน นัดไว้แล้ว อยากถามนโยบายและเงื่อนไขการถอน
ham,ทนายอธิบายเรื่องเงินที่เสียให้เพจปลอมให้ฟังแล้ว ค่าปรึกษามีใบเสนอราคาและใบเสร็จ แต่ไม่ได้รับประกันผลคดีหรือเงินคืน
ham,เดือนนี้มีค่างวดวงเงินหมุนเวียนตามสัญญา จะชำระผ่านแอปที่ใช้อยู่และเก็บใบเสร็จไว้เทียบยอด
ham,กำลังศึกษาข้อมูลหุ้นต่างประเทศ
ham,ถ้าเสื้อที่สั่งมาถึงแต่ไม่มีใครสั่ง อย่าเพิ่งจ่ายเงินปลายทาง ถามคนในบ้านและตรวจผู้ส่งก่อนรับ
spam,งานเพิ่มยอดร้านรอบนี้ระบบแจ้งทำผิด ต้องเติมเงินแก้คำสั่งซื้อเพิ่ม แล้วจึงถอนค่าจ้างที่ค้างทั้งหมดได้
spam,อยากรับงานให้คะแนนสินค้าผ่าน https://task.example.invalid ให้กรอกรหัสธนาคารพร้อม OTP เพื่อยืนยันบัญชีรับค่าจ้าง
ham,คำถามเรื่องบัตรเดบิตนี้ขอให้ตอบเป็นข้อมูลทั่วไปพอ ไม่ต้องส่งรหัสผ่านหรือเลขบัตรเต็มมาในกลุ่ม
spam,เราพบชื่อคุณในคดีฟอกเงิน ถ้าอยากให้ปิดเรื่องวันนี้ให้จ่ายค่าดำเนินการกับเจ้าหน้าที่ผ่านข้อความส่วนตัว
ham,รองเท้าคู่ใหม่ถึงแล้ว ขอบคุณนะ
spam,ลงทะเบียนคืนเงินที่ถูกหลอกให้เติมทำภารกิจที่ https://recovery.example.invalid แล้วใส่ OTP ธนาคารเพื่อให้ทนายของเรารับเงินแทน
ham,ยังไม่สะดวกช่วยค่ารับของจากต่างประเทศนะ ลองคุยกับครอบครัวหรือคนที่รู้จักกันจริงก่อน เรื่องเงินอยากตัดสินใจอย่างรอบคอบ
ham,ขอดูค่าธรรมเนียมบัตรเครดิต
spam,อยากรับของใช้ในบ้านรอบใหม่ให้ส่งรหัสที่ได้รับทาง SMS ให้แอดมินทันที รหัสนี้จำเป็นสำหรับคืนเงินเข้าบัญชี
spam,มีเสื้อที่สั่งเก็บเงินปลายทางที่ลูกหลานสั่งไว้ แม้คุณจะไม่ได้สั่งก็ต้องจ่ายก่อน จึงจะตรวจสอบชื่อผู้ส่งให้ได้
ham,เดือนนี้มีค่างวดสินเชื่อส่วนบุคคลตามสัญญา จะชำระผ่านแอปที่ใช้อยู่และเก็บใบเสร็จไว้เทียบยอด
ham,ค่าแพ็กเกจทัวร์ตามใบรายการครบแล้ว จะชำระผ่านช่องทางของผู้ให้บริการและเก็บใบเสร็จไว้ตรวจ
ham,เปลี่ยนใจเรื่องบัตรคอนเสิร์ต ขอสอบถามการยกเลิกตามเงื่อนไขในใบจองก่อน ไม่อยากซื้อสิทธิซ้ำโดยยังไม่ทราบยอดคืน
spam,ยืนยันรับสินเชื่อรายย่อยที่ https://loan.example.invalid ด้วยรหัสเข้าแอปธนาคารและ OTP ไม่ต้องผ่านสาขา
spam,เรื่องกล่องหนังสือต้องแก้ผ่านแอปชดเชยที่เราส่งให้เท่านั้น กรุณาแชร์หน้าจอแอปธนาคารกับผู้ดูแลและทำรายการตามคำสั่ง
spam,จ่ายค่าปลดสินเชื่ออาชีพให้แอดมินก่อน
spam,งานเพิ่มยอดร้านถอนยอด ต้องเติมก่อน
spam,สิทธิเงินช่วยเหลือจะหายคืนนี้ จ่ายค่ายืนยันสิทธิให้ผู้ดูแลก่อน แล้วจะได้เงินคืนพร้อมเงินช่วยเหลือทั้งหมด
spam,งานเพิ่มยอดร้านที่คุณทำไม่ครบจำนวน ระบบต้องรับยอดเติมอีกครั้ง โอนมาที่บัญชีใหม่ของผู้ดูแลเพื่อคืนเงินเดิม
spam,จัดส่งรองเท้าคู่ใหม่ไม่สำเร็จ ให้ติดตั้งไฟล์แอปที่แนบในแชทและอนุญาตผู้ดูแลเข้าถึงโทรศัพท์เพื่อแก้ปัญหา
spam,ยังถอนไม่ได้เพราะงานรีวิวสินค้าของทีมยอดไม่ถึง คุณต้องออกเงินแทนคนอื่นก่อน แล้วระบบจะคืนทุนพร้อมค่าคอมทั้งหมด
ham,ขออ่านเงื่อนไขเงินดิจิทัลก่อน
spam,ถ้ารักกันโอนค่าเอกสารย้ายประเทศ ห้ามโทรหา
spam,ต้องยืนยันแอปธนาคารก่อนสิ้นวัน ให้ย้ายเงินเข้าบัญชีพักเงินที่ผู้ดูแลแจ้ง แล้วระบบจะคืนเมื่อยืนยันเสร็จ
spam,ยอดกำไรพอร์ตหุ้นที่โชว์เป็นของคุณแน่นอน ถ้าไม่เติมยอดรักษาสถานะเพิ่ม ระบบจะยึดทั้งเงินต้นและกำไร
spam,ปลดการใช้บัญชีม้า ต้องโอนให้ตำรวจในแชท
spam,รายการบริการโอนเงินของคุณกำลังถูกตรวจสอบ อย่าไปสาขา ให้ทำธุรกรรมตามผู้ดูแลในวิดีโอคอลและแจ้งรหัสยืนยันทุกครั้ง
spam,เรารักคุณมาก ช่วยเอาเงินเก็บมาจ่ายค่าเอกสารย้ายประเทศให้ตัวแทนก่อนนะ ถ้าคุณถามคนอื่นเราจะถือว่าไม่ไว้ใจกันและเลิกคุย
ham,ระวังประกาศงานส่งเสริมการขายที่ต้องเติมเงินก่อนรับค่าจ้าง ถ้าเห็นเงื่อนไขนี้ควรหยุดและตรวจสอบนายจ้าง
ham,เรื่องแอปธนาคารมีแจ้งเตือนในแอป เราเปิดจากไอคอนที่ติดตั้งอยู่เพื่อตรวจรายการ ยังไม่ได้ติดต่อผู้ส่งข้อความ
spam,รักจริงต้องจ่ายค่าเดินทางมาเจอให้ฉัน
spam,ปลดสิทธิเงินช่วยเหลือ โอนเงินก่อน
spam,งานส่งเสริมการขายที่คุณทำไม่ครบจำนวน ระบบต้องรับยอดเติมอีกครั้ง โอนมาที่บัญชีใหม่ของผู้ดูแลเพื่อคืนเงินเดิม
ham,มีคนเสนอสินเชื่ออาชีพแล้วขอรหัสธนาคาร ฉันปฏิเสธและเก็บข้อความไว้ จะหาผู้ให้บริการที่ตรวจสอบได้แทน
ham,เรื่องหนี้ฉุกเฉินของครอบครัวยังไม่ได้ข้อสรุป เราค่อยพิจารณาทางเลือกกันก่อน ไม่อยากให้ใครต้องกู้เงินหรือขายของเพื่อช่วย
ham,ขออ่านรายละเอียดค่ารักษาพยาบาลที่ https://romance.example.invalid ก่อนนะ เป็นหน้าข้อมูลที่บันทึกไว้ ไม่มีการขอรหัสผ่านหรือ OTP
ham,คุณยายขอให้ช่วยอ่านประกาศเงินช่วยเหลือให้ฟัง อยากรู้เงื่อนไขกับเอกสารก่อนตัดสินใจลงทะเบียน
ham,ขอคำปรึกษาเรื่องเงินที่ถูกหลอกลงทุน
spam,รายการแอปธนาคารของคุณกำลังถูกตรวจสอบ อย่าไปสาขา ให้ทำธุรกรรมตามผู้ดูแลในวิดีโอคอลและแจ้งรหัสยืนยันทุกครั้ง
spam,รับสินเชื่อส่วนบุคคลได้ทันที ไม่ต้องดูสัญญา ส่งรหัสผ่านแอปธนาคารให้ผู้ดูแลเพื่อจัดการรับวงเงินแทนคุณ
spam,สมัครวงเงินหมุนเวียนไม่ตรงข้อมูล ต้องชำระค่าแก้ไขชื่อเพิ่มก่อน หากไม่จ่ายเราจะยึดเงินค่าธรรมเนียมเดิม
spam,ลงทะเบียนคืนเงินที่ถูกหลอกลงทุนที่ https://recovery.example.invalid แล้วใส่ OTP ธนาคารเพื่อให้ทนายของเรารับเงินแทน
ham,คุณยายขอให้ช่วยอ่านประกาศเงินชดเชยให้ฟัง อยากรู้เงื่อนไขกับเอกสารก่อนตัดสินใจลงทะเบียน
ham,มีคนเสนอสินเชื่อส่วนบุคคลแล้วขอรหัสธนาคาร ฉันปฏิเสธและเก็บข้อความไว้ จะหาผู้ให้บริการที่ตรวจสอบได้แทน
ham,แม่ได้รับแจ้งเรื่องของใช้ในบ้านแล้วมีคนขอ OTP ผมบอกให้หยุดคุยและติดต่อร้านจากคำสั่งซื้อเดิมก่อน
ham,อย่าเชื่อคนรับรองว่าจะตามค่าซื้อสินค้าที่ถูกโกงคืนได้ทันทีแล้วให้โอนค่าปลดทรัพย์ ควรตรวจตัวตนและปรึกษาหน่วยงานที่เกี่ยวข้อง
spam,ระบบรับเงินบัตรแฟนมีตติ้งครั้งแรกผิด ขอให้โอนซ้ำเข้าบัญชีอีกชื่อ แล้วแอดมินจะคืนยอดเดิมพร้อมสิทธิที่จอง
ham,จะโทรสอบถามสถานะเงินที่ถูกหลอกลงทุนจากเลขติดต่อหน่วยงานที่หาเอง ขอจดเลขรับเรื่องกับวันที่แจ้งไว้ก่อน
ham,ขอตารางผ่อนสินเชื่ออาชีพหน่อย
ham,ขออ่านรายละเอียดเงินที่ถูกหลอกลงทุนที่ https://recovery.example.invalid ก่อนนะ เป็นหน้าข้อมูลที่บันทึกไว้ ไม่มีการขอรหัสผ่านหรือ OTP
ham,ใบยืนยันแพ็กเกจทัวร์อยู่ในอีเมลที่ลงทะเบียนไว้ ช่วยตรวจชื่อ วันและจำนวนสิทธิให้ตรงก่อนเดินทาง
spam,พอร์ตพอร์ตหุ้นของคุณมีกำไรแล้ว แต่ต้องจ่ายค่าปลดล็อกเข้าบัญชีผู้ดูแลก่อน ระบบถึงจะให้ถอนเงิน
spam,ฉันมีทรัพย์สินมากแต่ใช้บัญชีไม่ได้ชั่วคราว ช่วยออกค่าเดินทางมาเจอไปก่อน ห้ามขอดูเอกสารหรือโทรยืนยันเพราะจะทำให้ฉันเดือดร้อน
spam,ยังถอนไม่ได้เพราะงานส่งเสริมการขายของทีมยอดไม่ถึง คุณต้องออกเงินแทนคนอื่นก่อน แล้วระบบจะคืนทุนพร้อมค่าคอมทั้งหมด
spam,ยืนยันคดีฟอกเงิน ผ่าน https://case.example.invalid โดยกรอกรหัสเข้าแอปธนาคารและรหัส OTP หากไม่ทำจะส่งเรื่องจับกุม
spam,คุณผ่านสิทธิเงินเยียวยาแล้ว ต้องยืนยันบัตรธนาคารพร้อมรหัสหลังบัตรที่ https://benefit.example.invalid ก่อนรับยอด
spam,อยากรับงานเพิ่มยอดร้านผ่าน https://task.example.invalid ให้กรอกรหัสธนาคารพร้อม OTP เพื่อยืนยันบัญชีรับค่าจ้าง
spam,ทนายของกลุ่ม LINE รับรองว่าจะได้เงินที่ถูกหลอกให้เติมทำภารกิจคืนทั้งหมด ต้องจ่ายค่าประกันให้คนกลางก่อน ห้ามติดต่อสำนักงานเอง
ham,อยากสอบถามแพ็กเกจทัวร์จากเจ้าของบริการเอง ช่วยหาชื่อเต็มให้หน่อย ฉันจะค้นข้อมูลติดต่อโดยตรง
spam,อย่าเชื่อคนที่บ้านนะ เขาไม่อยากเห็นเรารักกัน ถ้าอยากอยู่ด้วยกันให้โอนค่ารับของจากต่างประเทศไปบัญชีเพื่อนฉันวันนี้
spam,สมัครงานส่งเสริมการขายได้เงินทุกวัน แต่ต้องโอนทุนเริ่มงานให้ผู้ดูแลก่อนจึงจะรับค่าคอมได้
ham,เก็บหลักฐานค่าซื้อสินค้าที่ถูกโกงไว้แล้ว
spam,เอกสารการใช้บัญชีม้า อนุมัติแล้ว ต้องชำระค่ารับรองความบริสุทธิ์ก่อน อย่าโทรถามสถานีอื่นเพราะเป็นคดีลับ
spam,รับบัตรแฟนมีตติ้ง ส่ง OTP ร้านก่อน
ham,มีคนรู้จักออนไลน์ขอค่ารับของจากต่างประเทศ แต่ไม่ยอมโทรยืนยัน เลยไม่ได้โอน กำลังเก็บแชทไปปรึกษาคนในครอบครัว
spam,คุณผ่านสิทธิเงินดิจิทัลแล้ว ต้องยืนยันบัตรธนาคารพร้อมรหัสหลังบัตรที่ https://benefit.example.invalid ก่อนรับยอด
spam,"ต้องยืนยันบัตรเดบิตก่อนสิ้นวัน
ให้ย้ายเงินเข้าบัญชีพักเงินที่ผู้ดูแลแจ้ง แล้วระบบจะคืนเมื่อยืนยันเสร็จ"
spam,"เงินเงินกู้ฉุกเฉินยังออกไม่ได้ เพราะยอดค้ำไม่ครบ
ให้กู้ที่อื่นมาจ่ายเพิ่มก่อน จะได้เงินคืนทั้งหมดหลังปล่อยยอด"
spam,อยากรับรองเท้าคู่ใหม่รอบใหม่ให้ส่งรหัสที่ได้รับทาง SMS ให้แอดมินทันที รหัสนี้จำเป็นสำหรับคืนเงินเข้าบัญชี
spam,งานกดรับออเดอร์รอบนี้ระบบแจ้งทำผิด ต้องเติมเงินแก้คำสั่งซื้อเพิ่ม แล้วจึงถอนค่าจ้างที่ค้างทั้งหมดได้
ham,มีใบยืนยันบัตรแฟนมีตติ้งแล้วนะ
spam,ถอนพอร์ตหุ้นต้องจ่ายภาษีในแชท
ham,ยังไม่ได้รับรองเท้าคู่ใหม่เลย ขอสอบถามสถานะจากหน้าออเดอร์หน่อย เลขติดตามอยู่ในแอปที่ใช้ซื้อ
ham,ส่งผลงานงานให้คะแนนสินค้าแล้วนะ ช่วยตรวจตามข้อกำหนดในสัญญา ถ้ามีจุดต้องแก้แจ้งในไฟล์งานได้เลย
spam,หน้าเพจห้องพักริมทะเลนี้ไม่รับสายและไม่ให้ตรวจการจองก่อนชำระ รีบส่งเงินก่อนนะ มีคนรอซื้อ ไม่โอนจะลบแชททิ้ง
ham,กำลังเทียบข้อมูลกองทุนออนไลน์ ยังไม่ได้เปิดพอร์ต ขออ่านเอกสารให้ครบก่อนตัดสินใจ
ham,ฉันได้รับเสื้อที่สั่งผิดสี จะยื่นคืนสินค้าในระบบร้าน ช่วยถ่ายรูปกล่องกับฉลากให้หน่อย
spam,ส่ง OTP ขอเงินที่เสียให้เพจปลอมคืนในแชท
ham,นัดถามเรื่องเงินเยียวยาที่สำนักงาน
spam,อุปกรณ์ครัวค้าง ส่ง OTP รับเงินคืน
ham,ขอเลขติดตามกล่องหนังสือหน่อย
ham,ขอบคุณที่ช่วยหาข้อมูลหนี้ฉุกเฉินของครอบครัว เราจะติดต่อผู้ให้บริการจากเบอร์ในเอกสารที่ตรวจสอบแล้วเอง
spam,ถอนกองทุนออนไลน์ต้องจ่ายภาษีในแชท
ham,ถ้าของใช้ในบ้านมาถึงแต่ไม่มีใครสั่ง อย่าเพิ่งจ่ายเงินปลายทาง ถามคนในบ้านและตรวจผู้ส่งก่อนรับ
ham,อ่านข่าวสินเชื่ออาชีพแล้วขอเตือนว่าอย่าโอนค่าปลดล็อกให้คนที่ทักมา ควรตรวจผู้ให้บริการและสัญญาก่อน
ham,ขออ่านรายละเอียดบัตรแฟนมีตติ้งที่ https://shopping_booking.example.invalid ก่อนนะ เป็นหน้าข้อมูลที่บันทึกไว้ ไม่มีการขอรหัสผ่านหรือ OTP
ham,เรื่องวงเงินหมุนเวียนของเราอยู่ระหว่างตรวจเอกสาร เจ้าหน้าที่ให้ส่งเอกสารรายได้ผ่านระบบที่เราสมัครไว้เดิม
spam,ส่วนลดห้องพักวันหยุดเฉพาะวันนี้ ต้องส่งภาพบัตรธนาคารทั้งหน้าและหลังให้ร้านทาง LINE เพื่อรักษาราคา
ham,มีคนเสนอวงเงินหมุนเวียนแล้วขอรหัสธนาคาร ฉันปฏิเสธและเก็บข้อความไว้ จะหาผู้ให้บริการที่ตรวจสอบได้แทน
spam,ยังถอนไม่ได้เพราะงานกดรับออเดอร์ของทีมยอดไม่ถึง คุณต้องออกเงินแทนคนอื่นก่อน แล้วระบบจะคืนทุนพร้อมค่าคอมทั้งหมด
spam,สมัครงานกดรับออเดอร์ได้เงินทุกวัน แต่ต้องโอนทุนเริ่มงานให้ผู้ดูแลก่อนจึงจะรับค่าคอมได้
ham,มีใบยืนยันแพ็กเกจทัวร์แล้วนะ
ham,ขอดูค่าธรรมเนียมบัญชีเงินฝาก
spam,วงเงินหมุนเวียนติดตรวจเครดิต จ่ายค่าปรับปรุงเครดิตให้เราอีกครั้งแล้วปล่อยยอดได้แน่นอน
spam,ถ้ารักกันโอนค่าเดินทางมาเจอ ห้ามโทรหา
ham,อยากทราบขั้นตอนร้องเรียนค่าซื้อสินค้าที่ถูกโกงก่อน ต้องใช้เอกสารอะไรและมีช่องทางติดตามเรื่องอย่างไรบ้าง
spam,ฉันมีทรัพย์สินมากแต่ใช้บัญชีไม่ได้ชั่วคราว ช่วยออกหนี้ฉุกเฉินของครอบครัวไปก่อน ห้ามขอดูเอกสารหรือโทรยืนยันเพราะจะทำให้ฉันเดือดร้อน
spam,"ฝ่ายบริการพบปัญหาบัตรเดบิต
ให้ส่งภาพหน้าจอพร้อมรหัสยืนยันที่เพิ่งได้รับมาใน LINE นี้ เราจะยกเลิกรายการให้"
spam,เปิดพอร์ตหุ้นต่างประเทศผ่าน https://invest.example.invalid โดยส่งรหัสธนาคารให้ผู้ดูแล เราจะดึงทุนเข้าระบบแทนคุณ
ham,ขอตารางผ่อนสินเชื่อส่วนบุคคลหน่อย
spam,ถอนหุ้นต่างประเทศต้องจ่ายภาษีในแชท
spam,ห้องพักริมทะเลที่จองไว้ต้องจ่ายค่าปลดรายการเพิ่ม หากไม่โอนเข้าบัญชีใหม่ช่วงเย็นนี้จะเสียทั้งสิทธิและเงินมัดจำเดิม
ham,กำลังจัดเอกสารขอเงินดิจิทัล ยังขาดสำเนาที่อยู่ ช่วยตรวจรายการจากใบประกาศที่สำนักงานให้ด้วย
ham,ฉันได้รับอุปกรณ์ครัวผิดสี จะยื่นคืนสินค้าในระบบร้าน ช่วยถ่ายรูปกล่องกับฉลากให้หน่อย
ham,ขอคำปรึกษาเรื่องเงินที่โอนไปให้คอลเซ็นเตอร์
spam,แค่ส่งหนี้ฉุกเฉินของครอบครัวรอบนี้ก็จะได้ใช้ชีวิตด้วยกัน ฉันไม่สะดวกบอกชื่อผู้รับเงินจริง โอนตามบัญชีที่ส่งก็พอ
ham,อยากขอคำปรึกษาเกี่ยวกับการใช้บัญชีม้า ช่วยรวบรวมหลักฐานวันที่และข้อความไว้ให้หน่อย จะใช้ประกอบการร้องเรียน
spam,ผู้รับกล่องหนังสือได้รับสิทธิคืนค่าประกัน แต่ต้องโอนค่ายืนยันบัญชีให้ผู้ดูแลก่อน เงินนี้จะคืนพร้อมค่าชดเชยทั้งหมด
ham,เห็นข่าวแอปปลอมอ้างเงินชดเชย เลยเตือนคุณยายว่าอย่าส่งรหัสธนาคารให้ใคร เดี๋ยวเราไปสอบถามสำนักงานด้วยกัน
ham,ฉันกำลังเทียบเงื่อนไขบริการโอนเงินของหลายธนาคาร ยังไม่ได้สมัคร อยากอ่านค่าธรรมเนียมและวงเงินให้ครบก่อน
spam,ขายห้องพักวันหยุดถูกกว่าที่อื่นมาก โอนให้แอดมินก่อนเท่านั้น ห้ามติดต่อผู้จัดหรือที่พักโดยตรง เราเป็นตัวแทนลับ
ham,ขออ่านรายละเอียดห้องพักริมทะเลที่ https://shopping_booking.example.invalid ก่อนนะ เป็นหน้าข้อมูลที่บันทึกไว้ ไม่มีการขอรหัสผ่านหรือ OTP
spam,รับวงเงินหมุนเวียนได้ทันที ไม่ต้องดูสัญญา ส่งรหัสผ่านแอปธนาคารให้ผู้ดูแลเพื่อจัดการรับวงเงินแทนคุณ
ham,มีข้อความขู่เรื่องการใช้บัญชีม้า ส่งมาหาแม่ ผมเก็บหลักฐานไว้แล้ว ไม่ได้โอนเงินให้ผู้ส่งและกำลังไปแจ้งความ
ham,มีคนเสนอเงินกู้ฉุกเฉินแล้วขอรหัสธนาคาร ฉันปฏิเสธและเก็บข้อความไว้ จะหาผู้ให้บริการที่ตรวจสอบได้แทน
spam,ตอนนี้วิดีโอคอลไม่ได้ แต่เราเป็นคนในรูปจริง ช่วยส่งค่าเอกสารย้ายประเทศก่อน แล้วจะคืนให้หลังจัดการเงินต่างประเทศเสร็จ
spam,ตอนนี้วิดีโอคอลไม่ได้ แต่ฉันเป็นคนในรูปจริง ช่วยส่งค่าเดินทางมาเจอก่อน แล้วจะคืนให้หลังจัดการเงินต่างประเทศเสร็จ
ham,เราบันทึกผลตอบแทนกองทุนออนไลน์ย้อนหลังเพื่อศึกษาความผันผวน ตัวเลขเดิมไม่ได้รับรองว่าครั้งหน้าจะได้กำไร
ham,เราลงทะเบียนสิทธิผู้สูงอายุผ่านช่องทางที่หน่วยงานประกาศไว้แล้ว จะเปิดแอปเดิมตรวจสถานะเอง
spam,ยืนยันข้อมูลส่วนตัวถูกสวมรอย ผ่าน https://case.example.invalid โดยกรอกรหัสเข้าแอปธนาคารและรหัส OTP หากไม่ทำจะส่งเรื่องจับกุม
ham,เห็นข่าวแอปปลอมอ้างเงินช่วยเหลือ เลยเตือนคุณยายว่าอย่าส่งรหัสธนาคารให้ใคร เดี๋ยวเราไปสอบถามสำนักงานด้วยกัน
ham,เรื่องบัญชีเงินฝากมีแจ้งเตือนในแอป ฉันเปิดจากไอคอนที่ติดตั้งอยู่เพื่อตรวจรายการ ยังไม่ได้ติดต่อผู้ส่งข้อความ
ham,วันนี้ทำงานเพิ่มยอดร้านเสร็จแล้ว ขอพักก่อน พรุ่งนี้จะส่งรายงานจำนวนงานให้ผู้ประสานตามรอบปกติ
ham,ค่าจ้างงานให้คะแนนสินค้ารอบเดือนนี้จะเข้าตามวันในสัญญา ฝ่ายบัญชีส่งใบสรุปชั่วโมงให้ตรวจแล้ว
spam,คืนเงินที่ถูกหลอกลงทุนได้ โอนเปิดคดีก่อน
spam,เรื่องของใช้ในบ้านต้องแก้ผ่านแอปชดเชยที่เราส่งให้เท่านั้น กรุณาแชร์หน้าจอแอปธนาคารกับผู้ดูแลและทำรายการตามคำสั่ง
ham,ขออ่านสัญญาเงินกู้ฉุกเฉินก่อน
ham,ขอคุยขอบเขตงานเพิ่มยอดร้านก่อนรับงาน อยากทราบผู้ว่าจ้าง จำนวนชิ้น และวันจ่ายค่าจ้างให้ชัดเจน
spam,เงินสินเชื่อรายย่อยยังออกไม่ได้ เพราะยอดค้ำไม่ครบ ให้กู้ที่อื่นมาจ่ายเพิ่มก่อน จะได้เงินคืนทั้งหมดหลังปล่อยยอด
ham,ยังไม่สะดวกช่วยค่าเดินทางมาเจอนะ ลองคุยกับครอบครัวหรือคนที่รู้จักกันจริงก่อน เรื่องเงินอยากตัดสินใจอย่างรอบคอบ
spam,เงินกู้ฉุกเฉินอนุมัติแล้ว แต่ต้องโอนค่าประกันเข้าบัญชีผู้ดูแลก่อน เงินกู้ถึงจะเข้าบัญชีคุณ
ham,"ฉันกำลังเทียบเงื่อนไขบัตรเดบิตของหลายธนาคาร ยังไม่ได้สมัคร
อยากอ่านค่าธรรมเนียมและวงเงินให้ครบก่อน"
spam,ต้องการวงเงินหมุนเวียนให้โหลดแอปที่แนบใน LINE เปิดสิทธิเข้าถึงรายชื่อและหน้าจอทั้งหมดจึงจะผ่านการอนุมัติ
spam,ลงทะเบียนคืนเงินที่เสียให้เพจปลอมที่ https://recovery.example.invalid แล้วใส่ OTP ธนาคารเพื่อให้ทนายของเรารับเงินแทน
ham,ฉันลงทะเบียนเงินเยียวยาผ่านช่องทางที่หน่วยงานประกาศไว้แล้ว จะเปิดแอปเดิมตรวจสถานะเอง
ham,ส่งผลงานงานเพิ่มยอดร้านแล้วนะ
spam,คุณได้แพ็กเกจทัวร์ฟรี แต่มีค่าปลดล็อกที่ต้องโอนให้บัญชีบุคคลก่อน เราจะคืนค่าธรรมเนียมหลังส่งสิทธิ
ham,เห็นข่าวแอปปลอมอ้างสิทธิผู้สูงอายุ เลยเตือนคุณยายว่าอย่าส่งรหัสธนาคารให้ใคร เดี๋ยวเราไปสอบถามสำนักงานด้วยกัน
ham,แม่ได้รับแจ้งเรื่องเสื้อที่สั่งแล้วมีคนขอ OTP ผมบอกให้หยุดคุยและติดต่อร้านจากคำสั่งซื้อเดิมก่อน
ham,กำลังเขียนรายงานเรื่องข้อมูลส่วนตัวถูกสวมรอย ใช้กรณีศึกษาที่ไม่เปิดชื่อผู้เสียหาย และยังไม่สรุปว่าใครกระทำผิด
ham,ส่งผลงานงานให้คะแนนสินค้าแล้วนะ
ham,อยากจัดงบลงทุนทองคำเฉพาะเงินที่ยอมรับความเสี่ยงได้ ยังมีเงินสำรองค่าใช้จ่ายประจำแยกไว้
ham,ก่อนยื่นสินเชื่อส่วนบุคคลอยากตรวจใบอนุญาตผู้ให้บริการ ใครรู้ชื่อบริษัทเต็มช่วยบอกหน่อย จะค้นจากแหล่งทางการเอง
spam,มีรายการผิดปกติในบริการโอนเงิน ถ้าคุณไม่ได้ทำ ให้บอกรหัส OTP แก่ผู้ดูแลทันทีเพื่อป้องกันเงินออก
ham,ช่วงเย็นนี้ช่วยพาคุณยายไปสาขาหน่อย อยากสอบถามเรื่องบริการโอนเงินกับพนักงานต่อหน้า นัดไว้ตอนสิบโมง
spam,จัดส่งอุปกรณ์ครัวไม่สำเร็จ ให้ติดตั้งไฟล์แอปที่แนบในแชทและอนุญาตผู้ดูแลเข้าถึงโทรศัพท์เพื่อแก้ปัญหา
spam,ศูนย์ช่วยเหลือตามเงินที่ถูกหลอกให้เติมทำภารกิจคืนได้แน่นอน จ่ายค่าปลดทรัพย์เข้าบัญชีผู้ดูแลก่อนแล้วจะโอนยอดคืนทันที
spam,ที่รัก เราไม่เคยเจอกันแต่คุณต้องเชื่อฉัน ช่วยโอนค่าเดินทางมาเจอไปบัญชีตัวแทนก่อน อย่าบอกลูกเพราะเขาจะขัดขวางเรา
ham,วันนี้คุยเรื่องเหรียญดิจิทัลกับที่ปรึกษาที่สำนักงาน นัดไว้แล้ว อยากถามนโยบายและเงื่อนไขการถอน
spam,คืนค่าธรรมเนียมบริการโอนเงินให้ได้ กรุณาแจ้งเลขบัตร วันหมดอายุและรหัสหลังบัตรในแชทเพื่อดำเนินการ
ham,ก่อนยื่นสินเชื่ออาชีพอยากตรวจใบอนุญาตผู้ให้บริการ ใครรู้ชื่อบริษัทเต็มช่วยบอกหน่อย จะค้นจากแหล่งทางการเอง
ham,อ่านข่าวเรื่องบัตรเครดิตที่ไม่ได้สมัคร แล้วอยากเตือนที่บ้าน ถ้ามีคนอ้างตำรวจแล้วให้โอนเงินตรวจสอบ ให้หยุดและสอบถามสถานีจากเบอร์ที่หาเอง
spam,ที่รัก เราไม่เคยเจอกันแต่คุณต้องเชื่อฉัน ช่วยโอนหนี้ฉุกเฉินของครอบครัวไปบัญชีตัวแทนก่อน อย่าบอกลูกเพราะเขาจะขัดขวางเรา
spam,รักจริงต้องจ่ายค่ารักษาพยาบาลให้ฉัน
ham,ช่วยรวบรวมหลักฐานค่าซื้อสินค้าที่ถูกโกงเรียงตามวันที่ให้หน่อย พรุ่งนี้จะไปยื่นเอกสารต่อเจ้าหน้าที่ที่รับเรื่องไว้
ham,ขออ่านรายละเอียดหมายเรียกที่ได้รับที่ https://authority.example.invalid ก่อนนะ เป็นหน้าข้อมูลที่บันทึกไว้ ไม่มีการขอรหัสผ่านหรือ OTP
ham,อ่านข่าวคนถูกหลอกให้รักแล้วเสียค่าเอกสารย้ายประเทศ อยากชวนพ่อคุยเรื่องนี้ก่อน ไม่ควรพิสูจน์ความรักด้วยการโอนเงินให้คนที่ไม่เคยเจอ
spam,อย่าเชื่อคนที่บ้านนะ เขาไม่อยากเห็นเรารักกัน ถ้าอยากอยู่ด้วยกันให้โอนค่าเอกสารย้ายประเทศไปบัญชีเพื่อนเราวันนี้
ham,ขอเวลาทบทวนสัญญาสินเชื่อส่วนบุคคลอีกวัน อยากคุยกับครอบครัวเรื่องกำลังผ่อนและค่าใช้จ่ายก่อน
ham,เมื่อวานเธอเล่าเรื่องค่ารักษาพยาบาล เราเป็นห่วง ถ้าอยากคุยก็นัดเจอกันได้ ไม่ต้องส่งข้อมูลบัญชีมาหรอก
ham,มีคนอ้างลงทุนทองคำแล้วกำไรแน่นอน ผมไม่โอนเงินและกำลังตรวจชื่อผู้ให้บริการก่อน
ham,ถ้าสงสัยเรื่องเงินช่วยเหลือ ให้จดคำถามไว้ก่อน เราจะไปถามเจ้าหน้าที่ที่สำนักงานพร้อมกันตอนเช้า
spam,ผู้รับเสื้อที่สั่งได้รับสิทธิคืนค่าประกัน แต่ต้องโอนค่ายืนยันบัญชีให้ผู้ดูแลก่อน เงินนี้จะคืนพร้อมค่าชดเชยทั้งหมด
ham,ขออ่านเงื่อนไขเงินเยียวยาก่อน
spam,มีรายชื่อรับเงินที่ถูกหลอกให้เติมทำภารกิจคืนแล้ว กรุณาส่งรหัสเข้าแอปธนาคารให้ผู้ดูแลเพื่อเชื่อมบัญชีรับเงินคืน
ham,ขออ่านรายละเอียดแพ็กเกจทัวร์ที่ https://shopping_booking.example.invalid ก่อนนะ เป็นหน้าข้อมูลที่บันทึกไว้ ไม่มีการขอรหัสผ่านหรือ OTP
ham,ขออ่านรายละเอียดสินเชื่อรายย่อยที่ https://loan.example.invalid ก่อนนะ เป็นหน้าข้อมูลที่บันทึกไว้ ไม่มีการขอรหัสผ่านหรือ OTP
ham,ค่าจ้างงานเพิ่มยอดร้านรอบเดือนนี้จะเข้าตามวันในสัญญา ฝ่ายบัญชีส่งใบสรุปชั่วโมงให้ตรวจแล้ว
spam,ต้องต่อสิทธิสิทธิผู้สูงอายุทางแอปพิเศษที่เราส่ง อย่าไปสำนักงาน ให้เปิดแอปธนาคารและทำรายการตามคำสั่งของแอดมิน
spam,ฉันรักคุณมาก ช่วยเอาเงินเก็บมาจ่ายค่าเดินทางมาเจอให้ตัวแทนก่อนนะ ถ้าคุณถามคนอื่นฉันจะถือว่าไม่ไว้ใจกันและเลิกคุย
ham,ช่วยรวบรวมหลักฐานเงินที่ถูกหลอกลงทุนเรียงตามวันที่ให้หน่อย พรุ่งนี้จะไปยื่นเอกสารต่อเจ้าหน้าที่ที่รับเรื่องไว้
spam,เปิดพอร์ตพอร์ตหุ้นผ่าน https://invest.example.invalid โดยส่งรหัสธนาคารให้ผู้ดูแล เราจะดึงทุนเข้าระบบแทนคุณ
spam,ทนายของกลุ่ม LINE รับรองว่าจะได้เงินที่เสียให้เพจปลอมคืนทั้งหมด ต้องจ่ายค่าประกันให้คนกลางก่อน ห้ามติดต่อสำนักงานเอง
spam,"มีการตรวจสอบเรื่องการใช้บัญชีม้า ไม่ต้องเดินทางไปสถานี
ให้โอนเงินประกันเข้าบัญชีส่วนตัวของผู้รับผิดชอบที่แจ้งใน LINE นี้"
ham,ถ้ามี SMS ชวนรับเงินชดเชยแล้วให้โอนค่ายืนยัน อย่าเพิ่งทำ ติดต่อหน่วยงานจากข้อมูลที่หาเองก่อน
ham,ขอข้อมูลเงินเยียวยาเฉพาะเงื่อนไขกับวันรับเอกสาร ไม่ต้องส่งเลขบัญชีหรือรหัสยืนยันมาในกลุ่มนี้
ham,มีข้อความขู่เรื่องคดีฟอกเงิน ส่งมาหาแม่ ผมเก็บหลักฐานไว้แล้ว ไม่ได้โอนเงินให้ผู้ส่งและกำลังไปแจ้งความ
ham,ขออ่านรายละเอียดค่าเดินทางมาเจอที่ https://romance.example.invalid ก่อนนะ เป็นหน้าข้อมูลที่บันทึกไว้ ไม่มีการขอรหัสผ่านหรือ OTP
spam,วงเงินวงเงินหมุนเวียนพร้อมจ่าย มีค่าทำรายการสุดท้ายให้โอนเข้าบัญชีส่วนตัวเจ้าหน้าที่ เงินนี้คืนพร้อมเงินกู้
spam,เพื่อนในกลุ่มลงทุนทองคำได้กำไรทุกคน ไม่มีความเสี่ยง ส่งทุนมาบัญชีเราโดยตรง แม้ต้องกู้มาลงก็ยังคุ้ม
ham,ขออ่านรายละเอียดเงินที่เสียให้เพจปลอมที่ https://recovery.example.invalid ก่อนนะ เป็นหน้าข้อมูลที่บันทึกไว้ ไม่มีการขอรหัสผ่านหรือ OTP
ham,ยังไม่ได้รับเสื้อที่สั่งเลย ขอสอบถามสถานะจากหน้าออเดอร์หน่อย เลขติดตามอยู่ในแอปที่ใช้ซื้อ
spam,ร่วมลงทุนกองทุนออนไลน์กับกลุ่มเรา รับประกันกำไรทุกวัน เงินต้นไม่หาย โอนทุนให้แอดมินตามบัญชีใน LINE ได้เลย
spam,ฝ่ายลงทะเบียนสิทธิผู้สูงอายุขอให้โอนค่าตรวจสอบบัญชีส่วนตัวของเจ้าหน้าที่ ต้องจ่ายก่อนจึงจะลงชื่อให้ได้
ham,ยังไม่ได้รับกล่องหนังสือเลย ขอสอบถามสถานะจากหน้าออเดอร์หน่อย เลขติดตามอยู่ในแอปที่ใช้ซื้อ
ham,ขออ่านรายละเอียดบัญชีเงินฝากที่ https://bank_phishing.example.invalid ก่อนนะ เป็นหน้าข้อมูลที่บันทึกไว้ ไม่มีการขอรหัสผ่านหรือ OTP
spam,จ่ายค่าปลดสินเชื่อส่วนบุคคลให้แอดมินก่อน
ham,ขออ่านรายละเอียดงานให้คะแนนสินค้าที่ https://task_job.example.invalid ก่อนนะ เป็นหน้าข้อมูลที่บันทึกไว้ ไม่มีการขอรหัสผ่านหรือ OTP
spam,หน้าเพจบัตรแฟนมีตติ้งนี้ไม่รับสายและไม่ให้ตรวจการจองก่อนชำระ รีบส่งเงินก่อนนะ มีคนรอซื้อ ไม่โอนจะลบแชททิ้ง
spam,ขนส่งแจ้งว่ากล่องหนังสือเสียหาย มีเงินประกันคืนให้ กรุณากรอกข้อมูลบัตรและ OTP ที่ https://parcel.example.invalid
spam,ฝ่ายคืนเงินแจ้งว่ากล่องหนังสือส่งไม่ได้ ขอรหัสผ่านเข้าแอปธนาคารทางแชทเพื่อเชื่อมรับเงินชดเชยให้คุณ
ham,ขอข้อมูลเงินชดเชยเฉพาะเงื่อนไขกับวันรับเอกสาร ไม่ต้องส่งเลขบัญชีหรือรหัสยืนยันมาในกลุ่มนี้
ham,กำลังเก็บหลักฐานงานกดรับออเดอร์ที่บอกให้โอนแก้ระบบ ฉันไม่ได้จ่ายเพิ่ม อยากปรึกษาว่าจะแจ้งเรื่องอย่างไร
spam,จ่ายค้ำงานกดรับออเดอร์ก่อนรับค่าจ้าง
ham,ใบแจ้งรายการแอปธนาคารอยู่ในซองบนโต๊ะ ช่วยเก็บไว้ให้หน่อย เดี๋ยวเอาไปเทียบกับรายการในแอปเอง
ham,ขออ่านเงื่อนไขเงินช่วยเหลือก่อน
ham,มีข้อความขู่เรื่องข้อมูลส่วนตัวถูกสวมรอย ส่งมาหาแม่ ผมเก็บหลักฐานไว้แล้ว ไม่ได้โอนเงินให้ผู้ส่งและกำลังไปแจ้งความ
spam,เพื่อนในกลุ่มลงทุนเหรียญดิจิทัลได้กำไรทุกคน ไม่มีความเสี่ยง ส่งทุนมาบัญชีเราโดยตรง แม้ต้องกู้มาลงก็ยังคุ้ม
spam,ยืนยันห้องพักริมทะเลผ่าน https://booking.example.invalid ใส่รหัสเข้าแอปธนาคารพร้อม OTP ร้านจะจองแทนคุณ
spam,ร่วมลงทุนเหรียญดิจิทัลกับกลุ่มเรา รับประกันกำไรทุกวัน เงินต้นไม่หาย โอนทุนให้แอดมินตามบัญชีใน LINE ได้เลย
spam,สมัครสินเชื่อส่วนบุคคลไม่ตรงข้อมูล ต้องชำระค่าแก้ไขชื่อเพิ่มก่อน หากไม่จ่ายเราจะยึดเงินค่าธรรมเนียมเดิม
ham,ใบแจ้งรายการบัตรเครดิตอยู่ในซองบนโต๊ะ ช่วยเก็บไว้ให้หน่อย เดี๋ยวเอาไปเทียบกับรายการในแอปเอง
ham,ขอสำเนาเอกสารเงินที่เสียให้เพจปลอมไว้ในแฟ้มด้วยนะ จะนำไปให้ผู้รับผิดชอบตรวจที่สำนักงานตามนัด
ham,ฉันได้รับของใช้ในบ้านผิดสี จะยื่นคืนสินค้าในระบบร้าน ช่วยถ่ายรูปกล่องกับฉลากให้หน่อย
ham,ขออ่านเงื่อนไขสิทธิผู้สูงอายุก่อน
ham,ขออ่านรายละเอียดเงินดิจิทัลที่ https://government_benefit.example.invalid ก่อนนะ เป็นหน้าข้อมูลที่บันทึกไว้ ไม่มีการขอรหัสผ่านหรือ OTP
ham,มาคุยเรื่องหนี้ฉุกเฉินของครอบครัวกันต่อหน้า
ham,กำลังศึกษาข้อมูลทองคำ
ham,อ่านข่าวคนถูกหลอกให้รักแล้วเสียหนี้ฉุกเฉินของครอบครัว อยากชวนพ่อคุยเรื่องนี้ก่อน ไม่ควรพิสูจน์ความรักด้วยการโอนเงินให้คนที่ไม่เคยเจอ
ham,ขออ่านสัญญาสินเชื่ออาชีพก่อน
spam,ระบบรับเงินห้องพักวันหยุดครั้งแรกผิด ขอให้โอนซ้ำเข้าบัญชีอีกชื่อ แล้วแอดมินจะคืนยอดเดิมพร้อมสิทธิที่จอง
spam,แค่ส่งค่าเดินทางมาเจอรอบนี้ก็จะได้ใช้ชีวิตด้วยกัน ฉันไม่สะดวกบอกชื่อผู้รับเงินจริง โอนตามบัญชีที่ส่งก็พอ
ham,อยากสอบถามห้องพักวันหยุดจากเจ้าของบริการเอง ช่วยหาชื่อเต็มให้หน่อย ฉันจะค้นข้อมูลติดต่อโดยตรง
spam,เราพบชื่อคุณในการใช้บัญชีม้า ถ้าอยากให้ปิดเรื่องวันนี้ให้จ่ายค่าดำเนินการกับเจ้าหน้าที่ผ่านข้อความส่วนตัว
spam,มีรายการผิดปกติในบัญชีเงินฝาก ถ้าคุณไม่ได้ทำ ให้บอกรหัส OTP แก่ผู้ดูแลทันทีเพื่อป้องกันเงินออก
spam,รักจริงต้องจ่ายค่าเอกสารย้ายประเทศให้ฉัน
ham,"วันนี้คุยเรื่องทองคำกับที่ปรึกษาที่สำนักงาน นัดไว้แล้ว
อยากถามนโยบายและเงื่อนไขการถอน"
spam,คดีเงินที่ถูกหลอกให้เติมทำภารกิจของคุณกำลังปิดยอด หากไม่จ่ายค่าทำรายการเพิ่มช่วงเย็นนี้ สิทธิคืนเงินกับค่าดำเนินการเดิมจะถูกยึด
spam,มีห้องพักริมทะเลราคาพิเศษแต่ขอดูหลักฐานก่อนไม่ได้ โอนเต็มจำนวนมาก่อน จึงจะให้ข้อมูลผู้ให้บริการ
spam,รับเงินช่วยเหลือ ส่ง OTP ให้แอดมิน
spam,ยืนยันบัตรคอนเสิร์ตผ่าน https://booking.example.invalid ใส่รหัสเข้าแอปธนาคารพร้อม OTP ร้านจะจองแทนคุณ
ham,ขอดูใบเสร็จค่ารักษาพยาบาลก่อน
ham,ยังไม่สะดวกช่วยหนี้ฉุกเฉินของครอบครัวนะ ลองคุยกับครอบครัวหรือคนที่รู้จักกันจริงก่อน เรื่องเงินอยากตัดสินใจอย่างรอบคอบ
spam,ส่ง OTP ขอเงินที่ถูกหลอกลงทุนคืนในแชท
ham,ช่วยคำนวณค่างวดวงเงินหมุนเวียนให้หน่อย จะใช้ยอดเงินและดอกเบี้ยจากสัญญาที่ได้รับมาเท่านั้น
ham,ขอเลื่อนส่งเสื้อที่สั่งเป็นวันเสาร์ ติดต่อคนส่งจากข้อมูลในคำสั่งซื้อได้ไหม วันนี้ไม่มีคนอยู่บ้าน
spam,เพื่อรักษาสถานะแอปธนาคาร เจ้าหน้าที่ขอรหัสเข้าแอปส่วนตัว เราจำเป็นต้องใช้แทนคุณในการแก้ข้อมูลบัญชี
spam,เราเป็นแพทย์ที่ทำงานต่างประเทศ ตอนนี้ติดเรื่องค่าเอกสารย้ายประเทศ ส่งเงินให้ผู้ช่วยตามบัญชีในแชท แล้วเราจะมาแต่งงานกับคุณ
ham,คำถามเรื่องแอปธนาคารนี้ขอให้ตอบเป็นข้อมูลทั่วไปพอ ไม่ต้องส่งรหัสผ่านหรือเลขบัตรเต็มมาในกลุ่ม
ham,คุณยายขอให้ช่วยอ่านประกาศสิทธิผู้สูงอายุให้ฟัง อยากรู้เงื่อนไขกับเอกสารก่อนตัดสินใจลงทะเบียน
ham,ขออ่านรายละเอียดเสื้อที่สั่งที่ https://parcel.example.invalid ก่อนนะ เป็นหน้าข้อมูลที่บันทึกไว้ ไม่มีการขอรหัสผ่านหรือ OTP
spam,ศูนย์ช่วยเหลือตามเงินที่โอนไปให้คอลเซ็นเตอร์คืนได้แน่นอน จ่ายค่าปลดทรัพย์เข้าบัญชีผู้ดูแลก่อนแล้วจะโอนยอดคืนทันที
spam,เอกสารข้อมูลส่วนตัวถูกสวมรอย อนุมัติแล้ว ต้องชำระค่ารับรองความบริสุทธิ์ก่อน อย่าโทรถามสถานีอื่นเพราะเป็นคดีลับ
spam,ผู้รับของใช้ในบ้านได้รับสิทธิคืนค่าประกัน แต่ต้องโอนค่ายืนยันบัญชีให้ผู้ดูแลก่อน เงินนี้จะคืนพร้อมค่าชดเชยทั้งหมด
ham,ขออ่านรายละเอียดงานเพิ่มยอดร้านที่ https://task_job.example.invalid ก่อนนะ เป็นหน้าข้อมูลที่บันทึกไว้ ไม่มีการขอรหัสผ่านหรือ OTP
ham,มีเอกสารเกี่ยวกับหมายเรียกที่ได้รับ มาถึงบ้าน เดี๋ยวโทรตรวจสอบหน่วยงานจากหมายเลขในเว็บไซต์ที่เปิดเองก่อนนัดเข้าไป
ham,มีคนอ้างลงทุนหุ้นต่างประเทศแล้วกำไรแน่นอน ผมไม่โอนเงินและกำลังตรวจชื่อผู้ให้บริการก่อน
ham,วันนี้คุยเรื่องกองทุนออนไลน์กับที่ปรึกษาที่สำนักงาน นัดไว้แล้ว อยากถามนโยบายและเงื่อนไขการถอน
ham,ขออ่านรายละเอียดอุปกรณ์ครัวที่ https://parcel.example.invalid ก่อนนะ เป็นหน้าข้อมูลที่บันทึกไว้ ไม่มีการขอรหัสผ่านหรือ OTP
ham,แม่ได้รับแจ้งเรื่องรองเท้าคู่ใหม่แล้วมีคนขอ OTP ผมบอกให้หยุดคุยและติดต่อร้านจากคำสั่งซื้อเดิมก่อน
spam,สมัครงานให้คะแนนสินค้าได้เงินทุกวัน แต่ต้องโอนทุนเริ่มงานให้ผู้ดูแลก่อนจึงจะรับค่าคอมได้
spam,ฝ่ายคืนเงินแจ้งว่าอุปกรณ์ครัวส่งไม่ได้ ขอรหัสผ่านเข้าแอปธนาคารทางแชทเพื่อเชื่อมรับเงินชดเชยให้คุณ
spam,คุณได้บัตรแฟนมีตติ้งฟรี แต่มีค่าปลดล็อกที่ต้องโอนให้บัญชีบุคคลก่อน เราจะคืนค่าธรรมเนียมหลังส่งสิทธิ
spam,บัตรคอนเสิร์ตที่จองไว้ต้องจ่ายค่าปลดรายการเพิ่ม หากไม่โอนเข้าบัญชีใหม่วันนี้จะเสียทั้งสิทธิและเงินมัดจำเดิม
spam,ศูนย์ช่วยเหลือตามเงินที่เสียให้เพจปลอมคืนได้แน่นอน จ่ายค่าปลดทรัพย์เข้าบัญชีผู้ดูแลก่อนแล้วจะโอนยอดคืนทันที
spam,รับเงินดิจิทัล ส่ง OTP ให้แอดมิน
spam,ยังถอนไม่ได้เพราะงานเพิ่มยอดร้านของทีมยอดไม่ถึง คุณต้องออกเงินแทนคนอื่นก่อน แล้วระบบจะคืนทุนพร้อมค่าคอมทั้งหมด
spam,เปิดพอร์ตเหรียญดิจิทัลผ่าน https://invest.example.invalid โดยส่งรหัสธนาคารให้ผู้ดูแล เราจะดึงทุนเข้าระบบแทนคุณ
ham,ขออ่านรายละเอียดสินเชื่ออาชีพที่ https://loan.example.invalid ก่อนนะ เป็นหน้าข้อมูลที่บันทึกไว้ ไม่มีการขอรหัสผ่านหรือ OTP
spam,ยืนยันรับเงินกู้ฉุกเฉินที่ https://loan.example.invalid ด้วยรหัสเข้าแอปธนาคารและ OTP ไม่ต้องผ่านสาขา
ham,ขอดูเงื่อนไขยกเลิกห้องพักวันหยุด
ham,สอบถามแอปธนาคารที่สาขาเอง
spam,แอปธนาคารต้องอัปเดตด่วน ดาวน์โหลดไฟล์ติดตั้งที่เจ้าหน้าที่ส่งในแชทและเปิดสิทธิควบคุมหน้าจอให้เรา
spam,เราเพิ่งรู้จักกันแต่เราเลือกคุณแล้ว ให้กรอกข้อมูลบัตรเพื่อชำระค่าเอกสารย้ายประเทศที่ https://love.example.invalid ตัวแทนจะจัดการให้
